:eµ1.40 GZ-3.50 P1007.76 RH0.2 KH0.2 VZ+0.00 GA0.98 ST:0 MOD:E GPS:0,0 C:0
T246983 AX+0.049 AY+0.106 AZ+0.958 GX+2.31 GY-1.40 GZ-3.43 P1007.74 RH0.3 KH0.3 VZ+0.00 GA0.97 ST:0 MOD:E GPS:0,0 C:0
T247483 AX+0.054 AY+0.106 AZ+0.976 GX+2.31 GY-1.47 GZ-3.43 P1007.75 RH0.2 KH0.2 VZ+0.00 GA0.98 ST:0 MOD:E GPS:0,0 C:0
T247983 AX+0.044 AY+0.109 AZ+0.969 GX+2.03 GY-1.33 GZ-3.50 P1007.77 RH0.1 KH0.1 VZ+0.00 GA0.98 ST:0 MOD:E GPS:0,0 C:0
T248483 AX+0.049 AY+0.107 AZ+0.977 GX+2.24 GY-1.40 GZ-3.43 P1007.75 RH0.2 KH0.2 VZ+0.00 GA0.98 ST:0 MOD:E GPS:0,0 C:0
T248983 AX+0.045 AY+0.106 AZ+0.975 GX+2.31 GY-1.33 GZ-3.43 P1007.76 RH0.2 KH0.2 VZ+0.00 GA0.98 ST:0 MOD:E GPS:0,0 C:0
T249483 AX+0.053 AY+0.110 AZ+0.970 GX+2.24 GY-1.40 GZ-3.43 P1007.76 RH0.2 KH0.2 VZ+0.00 GA0.98 ST:0 MOD:E GPS:0,0 C:0
T249983 AX+0.049 AY+0.108 AZ+0.979 GX+2.24 GY-1.33 GZ-3.50 P1007.76 RH0.1 KH0.1 VZ+0.00 GA0.99 ST:0 MOD:E GPS:0,0 C:0
T250483 AX+0.058 AY+0.116 AZ+0.972 GX+2.10 GY-1.40 GZ-3.36 P1007.76 RH0.1 KH0.1 VZ+0.00 GA0.98 ST:0 MOD:E GPS:0,0 C:0
T250983 AX+0.048 AY+0.104 AZ+0.971 GX+2.24 GY-1.40 GZ-3.43 P1007.76 RH0.2 KH0.2 VZ+0.00 GA0.98 ST:0 MOD:E GPS:0,0 C:0
T251483 AX+0.053 AY+0.113 AZ+0.970 GX+2.24 GY-1.47 GZ-3.43 P1007.77 RH0.0 KH0.0 VZ+0.00 GA0.98 ST:0 MOD:E GPS:0,0 C:0
T251983 AX+0.044 AY+0.111 AZ+0.983 GX+2.59 GY-1.54 GZ-3.36 P1007.76 RH0.2 KH0.2 VZ+0.00 GA0.99 ST:0 MOD:E GPS:0,0 C:0
T252483 AX+0.049 AY+0.106 AZ+0.980 GX+2.03 GY-1.26 GZ-3.43 P1007.75 RH0.2 KH0.2 VZ+0.00 GA0.99 ST:0 MOD:E GPS:0,0 C:0
T252983 AX+0.054 AY+0.107 AZ+0.972 GX-1.75 GY-2.59 GZ-3.50 P1007.74 RH0.3 KH0.3 VZ+0.00 GA0.98 ST:0 MOD:E GPS:0,0 C:0
T253483 AX+0.168 AY+0.020 AZ+1.000 GX-0.49 GY-19.88 GZ-38.85 P1007.75 RH0.2 KH0.2 VZ+0.00 GA1.01 ST:0 MOD:E GPS:0,0 C:0
T253983 AX-0.194 AY+0.131 AZ+0.995 GX+19.74 GY+89.39 GZ-15.68 P1007.88 RH-0.8 KH-0.8 VZ+0.00 GA1.02 ST:0 MOD:E GPS:0,0 C:0
T254483 AX-0.836 AY+0.051 AZ+0.420 GX-14.28 GY+41.65 GZ-32.62 P1007.76 RH0.2 KH0.2 VZ+0.00 GA0.94 ST:0 MOD:E GPS:0,0 C:0
T254983 AX-0.887 AY+0.036 AZ+0.312 GX+7.00 GY+2.17 GZ+2.03 P1007.74 RH0.3 KH0.3 VZ+0.00 GA0.94 ST:0 MOD:E GPS:0,0 C:0
T255483 AX-0.926 AY-0.011 AZ+0.251 GX+2.66 GY-2.73 GZ-3.15 P1007.73 RH0.4 KH0.4 VZ+0.00 GA0.96 ST:0 MOD:E GPS:0,0 C:0
T255983 AX-0.919 AY-0.008 AZ+0.286 GX+3.50 GY-5.32 GZ-2.45 P1007.73 RH0.4 KH0.4 VZ+0.00 GA0.96 ST:0 MOD:E GPS:0,0 C:0
T256483 AX-0.913 AY-0.001 AZ+0.303 GX+2.17 GY-1.05 GZ-3.78 P1007.73 RH0.4 KH0.4 VZ+0.00 GA0.96 ST:0 MOD:E GPS:0,0 C:0
T256983 AX-0.906 AY+0.017 AZ+0.334 GX+3.50 GY-3.50 GZ-2.24 P1007.74 RH0.3 KH0.3 VZ+0.00 GA0.97 ST:0 MOD:E GPS:0,0 C:0
T257483 AX-0.914 AY+0.000 AZ+0.319 GX+1.96 GY-1.82 GZ-3.36 P1007.74 RH0.3 KH0.3 VZ+0.00 GA0.97 ST:0 MOD:E GPS:0,0 C:0
T257983 AX-0.906 AY-0.006 AZ+0.327 GX+2.03 GY-0.77 GZ-3.50 P1007.74 RH0.3 KH0.3 VZ+0.00 GA0.96 ST:0 MOD:E GPS:0,0 C:0
T258483 AX-0.955 AY-0.004 AZ+0.224 GX+0.91 GY+5.74 GZ-9.31 P1007.75 RH0.3 KH0.3 VZ+0.00 GA0.98 ST:0 MOD:E GPS:0,0 C:0
T258983 AX-0.997 AY-0.037 AZ+0.130 GX-4.41 GY+10.43 GZ-8.47 P1007.73 RH0.4 KH0.4 VZ+0.00 GA1.01 ST:0 MOD:E GPS:0,0 C:0
T259483 AX-0.942 AY-0.130 AZ+0.022 GX+7.77 GY-15.54 GZ+14.42 P1007.73 RH0.4 KH0.4 VZ+0.00 GA0.95 ST:0 MOD:E GPS:0,0 C:0
T259983 AX-0.968 AY-0.020 AZ+0.086 GX+4.06 GY+7.56 GZ-3.71 P1007.74 RH0.3 KH0.3 VZ+0.00 GA0.97 ST:0 MOD:E GPS:0,0 C:0
T260483 AX-0.975 AY-0.012 AZ+0.019 GX+1.96 GY-1.40 GZ-3.29 P1007.74 RH0.3 KH0.3 VZ+0.00 GA0.97 ST:0 MOD:E GPS:0,0 C:0
T260983 AX-0.970 AY-0.016 AZ+0.015 GX+2.17 GY-1.19 GZ-3.36 P1007.74 RH0.3 KH0.3 VZ+0.00 GA0.97 ST:0 MOD:E GPS:0,0 C:0
T261483 AX-0.968 AY-0.017 AZ+0.017 GX+2.38 GY-2.31 GZ-3.22 P1007.73 RH0.4 KH0.4 VZ+0.00 GA0.97 ST:0 MOD:E GPS:0,0 C:0
T261983 AX-0.976 AY-0.018 AZ+0.018 GX+2.24 GY-1.40 GZ-3.29 P1007.75 RH0.2 KH0.2 VZ+0.00 GA0.98 ST:0 MOD:E GPS:0,0 C:0
T262483 AX-0.971 AY-0.015 AZ+0.022 GX+2.31 GY-1.75 GZ-3.22 P1007.74 RH0.3 KH0.3 VZ+0.00 GA0.97 ST:0 MOD:E GPS:0,0 C:0
T262983 AX-0.969 AY-0.021 AZ+0.024 GX+1.54 GY-0.14 GZ-3.29 P1007.75 RH0.2 KH0.2 VZ+0.00 GA0.97 ST:0 MOD:E GPS:0,0 C:0
T263483 AX-0.975 AY-0.021 AZ+0.022 GX+2.31 GY-1.12 GZ-3.22 P1007.76 RH0.1 KH0.1 VZ+0.00 GA0.98 ST:0 MOD:E GPS:0,0 C:0
T263983 AX-0.973 AY-0.015 AZ+0.013 GX+2.17 GY-1.54 GZ-3.29 P1007.76 RH0.2 KH0.2 VZ+0.00 GA0.97 ST:0 MOD:E GPS:0,0 C:0
T264483 AX-0.953 AY-0.022 AZ+0.013 GX+2.24 GY-1.96 GZ-3.22 P1007.75 RH0.2 KH0.2 VZ+0.00 GA0.95 ST:0 MOD:E GPS:0,0 C:0
T264983 AX-0.968 AY-0.015 AZ-0.019 GX+3.36 GY-11.27 GZ-3.36 P1007.75 RH0.3 KH0.3 VZ+0.00 GA0.97 ST:0 MOD:E GPS:0,0 C:0
T265483 AX-0.963 AY-0.028 AZ-0.014 GX+2.38 GY-0.28 GZ-3.64 P1007.74 RH0.3 KH0.3 VZ+0.00 GA0.96 ST:0 MOD:E GPS:0,0 C:0
T265983 AX-0.973 AY-0.017 AZ-0.038 GX+2.66 GY+1.68 GZ-3.57 P1007.74 RH0.3 KH0.3 VZ+0.00 GA0.97 ST:0 MOD:E GPS:0,0 C:0
T266483 AX-0.973 AY-0.016 AZ-0.004 GX+2.17 GY-5.81 GZ-3.29 P1007.74 RH0.3 KH0.3 VZ+0.00 GA0.97 ST:0 MOD:E GPS:0,0 C:0
T266983 AX-0.975 AY-0.020 AZ-0.013 GX+2.45 GY-2.45 GZ-3.29 P1007.76 RH0.2 KH0.2 VZ+0.00 GA0.97 ST:0 MOD:E GPS:0,0 C:0
T267483 AX-0.979 AY-0.017 AZ-0.014 GX+2.24 GY-1.05 GZ-3.43 P1007.75 RH0.2 KH0.2 VZ+0.00 GA0.98 ST:0 MOD:E GPS:0,0 C:0
T267983 AX-0.975 AY-0.023 AZ-0.015 GX+2.24 GY-1.61 GZ-3.29 P1007.74 RH0.3 KH0.3 VZ+0.00 GA0.98 ST:0 MOD:E GPS:0,0 C:0
T268483 AX-0.979 AY-0.011 AZ-0.016 GX+2.59 GY-0.98 GZ-3.43 P1007.74 RH0.3 KH0.3 VZ+0.00 GA0.98 ST:0 MOD:E GPS:0,0 C:0
MSG SUCCESS RECAL ref_press=1007.74 hPa (n=8)
T269483 AX-0.977 AY-0.017 AZ-0.033 GX+3.64 GY+0.63 GZ-3.36 P1007.74 RH0.0 KH0.0 VZ+0.00 GA0.98 ST:0 MOD:E GPS:0,0 C:0
MSG SUCCESS RECAL ref_press=1007.73 hPa (n=8)
T270483 AX-0.977 AY-0.018 AZ-0.005 GX+2.17 GY-2.52 GZ-3.43 P1007.74 RH-0.1 KH-0.1 VZ+0.00 GA0.98 ST:0 MOD:E GPS:0,0 C:0
T270983 AX-0.973 AY-0.018 AZ-0.000 GX+2.24 GY-1.61 GZ-3.36 P1007.71 RH0.1 KH0.1 VZ+0.00 GA0.97 ST:0 MOD:E GPS:0,0 C:0
T271483 AX-0.972 AY-0.023 AZ-0.006 GX+2.38 GY-1.33 GZ-3.29 P1007.73 RH-0.1 KH-0.1 VZ+0.00 GA0.97 ST:0 MOD:E GPS:0,0 C:0
T271983 AX-0.971 AY-0.020 AZ-0.015 GX+2.24 GY-0.98 GZ-3.43 P1007.75 RH-0.2 KH-0.2 VZ+0.00 GA0.97 ST:0 MOD:E GPS:0,0 C:0
T272483 AX-0.975 AY-0.015 AZ+0.000 GX+2.17 GY-2.10 GZ-3.36 P1007.75 RH-0.2 KH-0.2 VZ+0.00 GA0.98 ST:0 MOD:E GPS:0,0 C:0
T272983 AX-0.972 AY-0.014 AZ-0.014 GX+2.24 GY-2.03 GZ-3.29 P1007.77 RH-0.3 KH-0.3 VZ+0.00 GA0.97 ST:0 MOD:E GPS:0,0 C:0
T273483 AX-0.971 AY-0.017 AZ-0.010 GX+2.24 GY-1.12 GZ-3.36 P1007.76 RH-0.3 KH-0.3 VZ+0.00 GA0.97 ST:0 MOD:E GPS:0,0 C:0
T273983 AX-0.971 AY-0.015 AZ-0.004 GX+2.31 GY-1.19 GZ-3.43 P1007.76 RH-0.3 KH-0.3 VZ+0.00 GA0.97 ST:0 MOD:E GPS:0,0 C:0
T274483 AX-0.970 AY-0.012 AZ-0.005 GX+2.31 GY-2.31 GZ-3.43 P1007.76 RH-0.3 KH-0.3 VZ+0.00 GA0.97 ST:0 MOD:E GPS:0,0 C:0
T274983 AX-0.965 AY-0.016 AZ-0.016 GX+2.31 GY-1.12 GZ-3.43 P1007.76 RH-0.3 KH-0.3 VZ+0.00 GA0.97 ST:0 MOD:E GPS:0,0 C:0
T275483 AX-0.977 AY-0.015 AZ-0.021 GX+2.24 GY-1.47 GZ-3.43 P1007.75 RH-0.2 KH-0.2 VZ+0.00 GA0.98 ST:0 MOD:E GPS:0,0 C:0
T275983 AX-0.966 AY-0.019 AZ-0.022 GX+2.24 GY+0.77 GZ-3.43 P1007.76 RH-0.3 KH-0.3 VZ+0.00 GA0.97 ST:0 MOD:E GPS:0,0 C:0
T276483 AX-0.970 AY-0.017 AZ-0.018 GX+2.10 GY-2.17 GZ-3.29 P1007.77 RH-0.3 KH-0.3 VZ+0.00 GA0.97 ST:0 MOD:E GPS:0,0 C:0
T276983 AX-0.967 AY-0.022 AZ-0.029 GX+2.31 GY-0.98 GZ-3.36 P1007.75 RH-0.2 KH-0.2 VZ+0.00 GA0.97 ST:0 MOD:E GPS:0,0 C:0
T277483 AX-0.971 AY-0.023 AZ-0.025 GX+2.24 GY-0.98 GZ-3.29 P1007.74 RH-0.1 KH-0.1 VZ+0.00 GA0.97 ST:0 MOD:E GPS:0,0 C:0
T277983 AX-0.963 AY-0.018 AZ-0.028 GX+2.24 GY-1.40 GZ-3.36 P1007.74 RH-0.1 KH-0.1 VZ+0.00 GA0.96 ST:0 MOD:E GPS:0,0 C:0
T278483 AX-0.978 AY-0.019 AZ-0.021 GX+2.24 GY-0.70 GZ-3.43 P1007.74 RH-0.1 KH-0.1 VZ+0.00 GA0.98 ST:0 MOD:E GPS:0,0 C:0
T278983 AX-0.966 AY-0.022 AZ-0.016 GX+2.17 GY-0.91 GZ-3.36 P1007.75 RH-0.2 KH-0.2 VZ+0.00 GA0.97 ST:0 MOD:E GPS:0,0 C:0
T279483 AX-0.975 AY-0.009 AZ-0.038 GX+2.31 GY-1.47 GZ-3.29 P1007.75 RH-0.2 KH-0.2 VZ+0.00 GA0.98 ST:0 MOD:E GPS:0,0 C:0
T279983 AX-0.976 AY-0.015 AZ-0.018 GX+2.24 GY-1.68 GZ-3.29 P1007.75 RH-0.2 KH-0.2 VZ+0.00 GA0.98 ST:0 MOD:E GPS:0,0 C:0
T280483 AX-0.967 AY-0.019 AZ-0.022 GX+2.17 GY-1.40 GZ-3.36 P1007.76 RH-0.3 KH-0.3 VZ+0.00 GA0.97 ST:0 MOD:E GPS:0,0 C:0
T280983 AX-0.961 AY-0.017 AZ-0.023 GX+2.24 GY-0.77 GZ-3.36 P1007.76 RH-0.3 KH-0.3 VZ+0.00 GA0.96 ST:0 MOD:E GPS:0,0 C:0
T281483 AX-0.968 AY-0.025 AZ-0.030 GX+2.24 GY-1.26 GZ-3.36 P1007.75 RH-0.2 KH-0.2 VZ+0.00 GA0.97 ST:0 MOD:E GPS:0,0 C:0
T281983 AX-0.980 AY-0.016 AZ-0.019 GX+2.17 GY-1.05 GZ-3.43 P1007.74 RH-0.1 KH-0.1 VZ+0.00 GA0.98 ST:0 MOD:E GPS:0,0 C:0
T282483 AX-0.979 AY-0.021 AZ-0.032 GX+2.31 GY-1.47 GZ-3.43 P1007.74 RH-0.1 KH-0.1 VZ+0.00 GA0.98 ST:0 MOD:E GPS:0,0 C:0
T282983 AX-0.976 AY-0.013 AZ-0.021 GX+2.24 GY-1.47 GZ-3.43 P1007.74 RH-0.1 KH-0.1 VZ+0.00 GA0.98 ST:0 MOD:E GPS:0,0 C:0
T283483 AX-0.979 AY-0.014 AZ-0.024 GX+2.24 GY-2.03 GZ-3.36 P1007.74 RH-0.1 KH-0.1 VZ+0.00 GA0.98 ST:0 MOD:E GPS:0,0 C:0
T283983 AX-0.979 AY-0.010 AZ-0.038 GX+2.17 GY-1.68 GZ-3.43 P1007.74 RH-0.1 KH-0.1 VZ+0.00 GA0.98 ST:0 MOD:E GPS:0,0 C:0
T284483 AX-0.972 AY-0.024 AZ-0.030 GX+2.31 GY-0.21 GZ-3.43 P1007.72 RH0.0 KH0.0 VZ+0.00 GA0.97 ST:0 MOD:E GPS:0,0 C:0
T284983 AX-0.977 AY-0.015 AZ-0.020 GX+2.17 GY-1.96 GZ-3.29 P1007.74 RH-0.1 KH-0.1 VZ+0.00 GA0.98 ST:0 MOD:E GPS:0,0 C:0
T285483 AX-0.982 AY-0.013 AZ-0.022 GX+2.87 GY-1.40 GZ-3.36 P1007.73 RH-0.0 KH-0.0 VZ+0.00 GA0.98 ST:0 MOD:E GPS:0,0 C:0
T285983 AX-0.976 AY-0.021 AZ-0.028 GX+2.31 GY-1.19 GZ-3.29 P1007.74 RH-0.1 KH-0.1 VZ+0.00 GA0.98 ST:0 MOD:E GPS:0,0 C:0
T286483 AX-0.978 AY-0.021 AZ-0.027 GX+2.10 GY-2.80 GZ-3.29 P1007.75 RH-0.2 KH-0.2 VZ+0.00 GA0.98 ST:0 MOD:E GPS:0,0 C:0
T286983 AX-0.971 AY-0.013 AZ-0.029 GX+2.24 GY-1.40 GZ-3.43 P1007.74 RH-0.1 KH-0.1 VZ+0.00 GA0.97 ST:0 MOD:E GPS:0,0 C:0
T287483 AX-0.973 AY-0.021 AZ-0.021 GX+2.31 GY-1.40 GZ-3.29 P1007.73 RH-0.1 KH-0.1 VZ+0.00 GA0.97 ST:0 MOD:E GPS:0,0 C:0
T287983 AX-0.967 AY-0.015 AZ-0.025 GX+2.24 GY-0.98 GZ-3.36 P1007.74 RH-0.1 KH-0.1 VZ+0.00 GA0.97 ST:0 MOD:E GPS:0,0 C:0
T288483 AX-0.969 AY-0.020 AZ-0.024 GX+2.24 GY-1.96 GZ-3.29 P1007.73 RH-0.1 KH-0.1 VZ+0.00 GA0.97 ST:0 MOD:E GPS:0,0 C:0
T288983 AX-0.977 AY-0.016 AZ-0.020 GX+2.45 GY-1.68 GZ-3.43 P1007.74 RH-0.1 KH-0.1 VZ+0.00 GA0.98 ST:0 MOD:E GPS:0,0 C:0
T289483 AX-0.982 AY-0.016 AZ-0.022 GX+2.45 GY-1.26 GZ-3.71 P1007.73 RH-0.0 KH-0.0 VZ+0.00 GA0.98 ST:0 MOD:E GPS:0,0 C:0
T289983 AX-0.970 AY-0.014 AZ-0.013 GX+2.17 GY-2.03 GZ-3.57 P1007.73 RH-0.1 KH-0.1 VZ+0.00 GA0.97 ST:0 MOD:E GPS:0,0 C:0
T290483 AX-0.976 AY-0.024 AZ-0.026 GX+2.45 GY-1.40 GZ-3.36 P1007.72 RH0.0 KH0.0 VZ+0.00 GA0.98 ST:0 MOD:E GPS:0,0 C:0
T290983 AX-0.970 AY-0.022 AZ-0.016 GX+2.17 GY-1.82 GZ-3.43 P1007.74 RH-0.1 KH-0.1 VZ+0.00 GA0.97 ST:0 MOD:E GPS:0,0 C:0
T291483 AX-0.968 AY-0.016 AZ-0.013 GX+2.31 GY-0.70 GZ-3.43 P1007.71 RH0.2 KH0.2 VZ+0.00 GA0.97 ST:0 MOD:E GPS:0,0 C:0
T291983 AX-0.969 AY-0.015 AZ-0.035 GX+2.17 GY-2.73 GZ-3.36 P1007.69 RH0.3 KH0.3 VZ+0.00 GA0.97 ST:0 MOD:E GPS:0,0 C:0
T292483 AX-0.971 AY-0.016 AZ-0.003 GX+2.10 GY-6.37 GZ-3.22 P1007.72 RH0.1 KH0.1 VZ+0.00 GA0.97 ST:0 MOD:E GPS:0,0 C:0
T292983 AX-0.973 AY-0.014 AZ+0.088 GX+2.24 GY-7.21 GZ-3.29 P1007.73 RH0.0 KH0.0 VZ+0.00 GA0.98 ST:0 MOD:E GPS:0,0 C:0
T293483 AX-0.970 AY-0.011 AZ+0.074 GX+2.87 GY+0.98 GZ-3.36 P1007.72 RH0.1 KH0.1 VZ+0.00 GA0.97 ST:0 MOD:E GPS:0,0 C:0
T293983 AX-0.972 AY-0.020 AZ+0.037 GX+2.52 GY+2.94 GZ-3.57 P1007.73 RH-0.0 KH-0.0 VZ+0.00 GA0.97 ST:0 MOD:E GPS:0,0 C:0
T294483 AX-0.973 AY-0.014 AZ+0.030 GX+2.38 GY-0.49 GZ-3.36 P1007.73 RH0.0 KH0.0 VZ+0.00 GA0.97 ST:0 MOD:E GPS:0,0 C:0
T294983 AX-0.972 AY-0.021 AZ+0.030 GX+2.10 GY-1.82 GZ-3.29 P1007.72 RH0.0 KH0.0 VZ+0.00 GA0.97 ST:0 MOD:E GPS:0,0 C:0
T295483 AX-0.972 AY-0.020 AZ+0.036 GX+2.31 GY-0.98 GZ-3.36 P1007.74 RH-0.1 KH-0.1 VZ+0.00 GA0.97 ST:0 MOD:E GPS:0,0 C:0
T295983 AX-0.967 AY-0.015 AZ+0.037 GX+2.17 GY-2.38 GZ-3.29 P1007.73 RH-0.0 KH-0.0 VZ+0.00 GA0.97 ST:0 MOD:E GPS:0,0 C:0
T296483 AX-0.976 AY-0.012 AZ+0.023 GX+2.31 GY-1.12 GZ-3.36 P1007.74 RH-0.1 KH-0.1 VZ+0.00 GA0.98 ST:0 MOD:E GPS:0,0 C:0
T296983 AX-0.982 AY-0.018 AZ+0.018 GX+2.24 GY-1.68 GZ-3.22 P1007.74 RH-0.1 KH-0.1 VZ+0.00 GA0.98 ST:0 MOD:E GPS:0,0 C:0
T297483 AX-0.967 AY-0.017 AZ+0.020 GX+2.31 GY-1.19 GZ-3.29 P1007.73 RH-0.0 KH-0.0 VZ+0.00 GA0.97 ST:0 MOD:E GPS:0,0 C:0
T297983 AX-0.973 AY-0.014 AZ+0.019 GX+2.24 GY-1.12 GZ-3.29 P1007.74 RH-0.1 KH-0.1 VZ+0.00 GA0.97 ST:0 MOD:E GPS:0,0 C:0
T298483 AX-0.967 AY-0.013 AZ+0.016 GX+2.31 GY+0.07 GZ-3.29 P1007.73 RH-0.1 KH-0.1 VZ+0.00 GA0.97 ST:0 MOD:E GPS:0,0 C:0
T298983 AX-0.972 AY-0.022 AZ+0.009 GX+2.17 GY-1.68 GZ-3.15 P1007.73 RH-0.0 KH-0.0 VZ+0.00 GA0.97 ST:0 MOD:E GPS:0,0 C:0
T299483 AX-0.973 AY-0.013 AZ+0.013 GX+2.24 GY-1.12 GZ-3.29 P1007.73 RH-0.0 KH-0.0 VZ+0.00 GA0.97 ST:0 MOD:E GPS:0,0 C:0
T299983 AX-0.970 AY-0.016 AZ+0.041 GX+2.10 GY-3.71 GZ-3.15 P1007.72 RH0.0 KH0.0 VZ+0.00 GA0.97 ST:0 MOD:E GPS:0,0 C:0
T300483 AX-0.974 AY-0.025 AZ+0.002 GX+2.17 GY+2.31 GZ-3.29 P1007.74 RH-0.1 KH-0.1 VZ+0.00 GA0.97 ST:0 MOD:E GPS:0,0 C:0
T300983 AX-0.974 AY-0.021 AZ+0.039 GX+2.17 GY-2.52 GZ-3.22 P1007.73 RH0.0 KH0.0 VZ+0.00 GA0.97 ST:0 MOD:E GPS:0,0 C:0
T301483 AX-0.965 AY-0.016 AZ+0.018 GX+2.17 GY+0.77 GZ-3.29 P1007.73 RH0.0 KH0.0 VZ+0.00 GA0.97 ST:0 MOD:E GPS:0,0 C:0
T301983 AX-0.965 AY-0.017 AZ+0.011 GX+2.17 GY-0.84 GZ-3.36 P1007.73 RH-0.1 KH-0.1 VZ+0.00 GA0.97 ST:0 MOD:E GPS:0,0 C:0
T302483 AX-0.973 AY-0.017 AZ+0.014 GX+2.31 GY+0.14 GZ-3.43 P1007.72 RH0.0 KH0.0 VZ+0.00 GA0.97 ST:0 MOD:E GPS:0,0 C:0
T302983 AX-0.977 AY-0.015 AZ+0.012 GX+2.17 GY-0.70 GZ-3.29 P1007.73 RH-0.1 KH-0.1 VZ+0.00 GA0.98 ST:0 MOD:E GPS:0,0 C:0
T303483 AX-0.970 AY-0.013 AZ+0.004 GX+2.38 GY-0.35 GZ-3.29 P1007.74 RH-0.1 KH-0.1 VZ+0.00 GA0.97 ST:0 MOD:E GPS:0,0 C:0
T303983 AX-0.963 AY-0.021 AZ+0.015 GX+2.24 GY-1.54 GZ-3.36 P1007.74 RH-0.1 KH-0.1 VZ+0.00 GA0.96 ST:0 MOD:E GPS:0,0 C:0
T304483 AX-0.973 AY-0.019 AZ+0.019 GX+2.31 GY-1.75 GZ-3.36 P1007.74 RH-0.1 KH-0.1 VZ+0.00 GA0.97 ST:0 MOD:E GPS:0,0 C:0
T304983 AX-0.963 AY-0.024 AZ-0.001 GX+2.10 GY-0.63 GZ-3.29 P1007.74 RH-0.1 KH-0.1 VZ+0.00 GA0.96 ST:0 MOD:E GPS:0,0 C:0
T305483 AX-0.969 AY-0.016 AZ+0.003 GX+2.31 GY-0.84 GZ-3.29 P1007.73 RH0.0 KH0.0 VZ+0.00 GA0.97 ST:0 MOD:E GPS:0,0 C:0
T305983 AX-0.969 AY-0.017 AZ+0.009 GX+2.31 GY-1.61 GZ-3.36 P1007.73 RH-0.1 KH-0.1 VZ+0.00 GA0.97 ST:0 MOD:E GPS:0,0 C:0
T306483 AX-0.973 AY-0.022 AZ+0.006 GX+2.31 GY-1.19 GZ-3.29 P1007.72 RH0.0 KH0.0 VZ+0.00 GA0.97 ST:0 MOD:E GPS:0,0 C:0
T306983 AX-0.972 AY-0.018 AZ+0.002 GX+2.17 GY-3.01 GZ-3.29 P1007.72 RH0.1 KH0.1 VZ+0.00 GA0.97 ST:0 MOD:E GPS:0,0 C:0
T307483 AX-0.962 AY-0.017 AZ+0.008 GX+2.31 GY-1.61 GZ-3.29 P1007.74 RH-0.1 KH-0.1 VZ+0.00 GA0.96 ST:0 MOD:E GPS:0,0 C:0
T307983 AX-0.965 AY-0.017 AZ+0.007 GX+2.38 GY-1.26 GZ-3.29 P1007.74 RH-0.1 KH-0.1 VZ+0.00 GA0.97 ST:0 MOD:E GPS:0,0 C:0
T308483 AX-0.977 AY-0.020 AZ+0.023 GX+2.38 GY-3.50 GZ-3.22 P1007.73 RH-0.0 KH-0.0 VZ+0.00 GA0.98 ST:0 MOD:E GPS:0,0 C:0
T308983 AX-0.977 AY-0.013 AZ+0.011 GX+2.17 GY-1.05 GZ-3.22 P1007.73 RH-0.0 KH-0.0 VZ+0.00 GA0.98 ST:0 MOD:E GPS:0,0 C:0
T309483 AX-0.967 AY-0.026 AZ-0.004 GX+2.03 GY-1.68 GZ-3.36 P1007.74 RH-0.1 KH-0.1 VZ+0.00 GA0.97 ST:0 MOD:E GPS:0,0 C:0
T309983 AX-0.971 AY-0.017 AZ+0.013 GX+2.24 GY-1.75 GZ-3.50 P1007.73 RH0.0 KH0.0 VZ+0.00 GA0.97 ST:0 MOD:E GPS:0,0 C:0
T310483 AX-0.985 AY-0.017 AZ+0.021 GX+2.31 GY-2.10 GZ-3.29 P1007.73 RH0.0 KH0.0 VZ+0.00 GA0.99 ST:0 MOD:E GPS:0,0 C:0
T310983 AX-0.979 AY-0.019 AZ+0.027 GX+2.17 GY-3.43 GZ-3.29 P1007.72 RH0.0 KH0.0 VZ+0.00 GA0.98 ST:0 MOD:E GPS:0,0 C:0
T311483 AX-0.983 AY-0.014 AZ-0.012 GX+5.53 GY-6.58 GZ-3.36 P1007.71 RH0.1 KH0.1 VZ+0.00 GA0.98 ST:0 MOD:E GPS:0,0 C:0
T311983 AX-0.963 AY-0.013 AZ+0.130 GX+9.80 GY-17.78 GZ-3.57 P1007.72 RH0.1 KH0.1 VZ+0.00 GA0.97 ST:0 MOD:E GPS:0,0 C:0
T312483 AX-0.968 AY-0.013 AZ+0.073 GX+2.24 GY+7.63 GZ-3.64 P1007.73 RH-0.0 KH-0.0 VZ+0.00 GA0.97 ST:0 MOD:E GPS:0,0 C:0
T312983 AX-0.959 AY-0.014 AZ+0.119 GX+2.10 GY+0.98 GZ-3.36 P1007.72 RH0.0 KH0.0 VZ+0.00 GA0.97 ST:0 MOD:E GPS:0,0 C:0
T313483 AX-0.967 AY-0.015 AZ+0.059 GX+2.38 GY+2.38 GZ-3.50 P1007.72 RH0.0 KH0.0 VZ+0.00 GA0.97 ST:0 MOD:E GPS:0,0 C:0
T313983 AX-0.971 AY-0.015 AZ+0.040 GX+2.10 GY-3.08 GZ-3.22 P1007.70 RH0.2 KH0.2 VZ+0.00 GA0.97 ST:0 MOD:E GPS:0,0 C:0
T314483 AX-0.975 AY-0.011 AZ+0.035 GX+2.03 GY+0.56 GZ-3.36 P1007.74 RH-0.1 KH-0.1 VZ+0.00 GA0.98 ST:0 MOD:E GPS:0,0 C:0
T314983 AX-0.966 AY-0.014 AZ+0.063 GX+2.94 GY-1.33 GZ-3.29 P1007.72 RH0.0 KH0.0 VZ+0.00 GA0.97 ST:0 MOD:E GPS:0,0 C:0
T315483 AX-0.959 AY-0.003 AZ+0.271 GX+2.80 GY-10.71 GZ-3.15 P1007.74 RH-0.1 KH-0.1 VZ+0.00 GA1.00 ST:0 MOD:E GPS:0,0 C:0
T315983 AX-0.976 AY-0.013 AZ+0.024 GX+20.58 GY+8.54 GZ+36.54 P1007.75 RH-0.2 KH-0.2 VZ+0.00 GA0.98 ST:0 MOD:E GPS:0,0 C:0
T316483 AX-0.942 AY+0.256 AZ-0.038 GX+0.14 GY-0.35 GZ+2.66 P1007.73 RH0.0 KH0.0 VZ+0.00 GA0.98 ST:0 MOD:E GPS:0,0 C:0
T316983 AX-0.941 AY+0.250 AZ-0.015 GX+2.66 GY-6.09 GZ-4.62 P1007.71 RH0.2 KH0.2 VZ+0.00 GA0.97 ST:0 MOD:E GPS:0,0 C:0
T317483 AX-0.938 AY+0.285 AZ+0.040 GX+0.56 GY-2.87 GZ-9.94 P1007.71 RH0.1 KH0.1 VZ+0.00 GA0.98 ST:0 MOD:E GPS:0,0 C:0
T317983 AX-0.947 AY+0.237 AZ-0.023 GX-2.80 GY+6.09 GZ-3.43 P1007.71 RH0.1 KH0.1 VZ+0.00 GA0.98 ST:0 MOD:E GPS:0,0 C:0
T318483 AX-0.961 AY+0.097 AZ+0.002 GX+3.64 GY+1.61 GZ-14.00 P1007.73 RH-0.1 KH-0.1 VZ+0.00 GA0.97 ST:0 MOD:E GPS:0,0 C:0
T318983 AX-0.974 AY+0.019 AZ+0.035 GX+0.28 GY-4.34 GZ-10.43 P1007.75 RH-0.2 KH-0.2 VZ+0.00 GA0.97 ST:0 MOD:E GPS:0,0 C:0
T319483 AX-0.965 AY-0.013 AZ+0.034 GX+2.45 GY-1.33 GZ-3.64 P1007.74 RH-0.1 KH-0.1 VZ+0.00 GA0.97 ST:0 MOD:E GPS:0,0 C:0
T319983 AX-0.967 AY-0.009 AZ+0.051 GX+7.28 GY-20.37 GZ-3.15 P1007.73 RH-0.0 KH-0.0 VZ+0.00 GA0.97 ST:0 MOD:E GPS:0,0 C:0
T320483 AX-0.897 AY-0.012 AZ+0.366 GX+1.33 GY+1.89 GZ-3.01 P1007.74 RH-0.2 KH-0.2 VZ+0.00 GA0.97 ST:0 MOD:E GPS:0,0 C:0
T320983 AX-0.819 AY-0.055 AZ+0.560 GX-6.86 GY+0.42 GZ-20.44 P1007.76 RH-0.3 KH-0.3 VZ+0.00 GA0.99 ST:0 MOD:E GPS:0,0 C:0
T321483 AX-0.952 AY-0.009 AZ+0.092 GX-13.44 GY+46.34 GZ-3.43 P1007.76 RH-0.2 KH-0.2 VZ+0.00 GA0.96 ST:0 MOD:E GPS:0,0 C:0
T321983 AX-0.967 AY-0.016 AZ-0.043 GX+2.73 GY+1.68 GZ-3.50 P1007.75 RH-0.2 KH-0.2 VZ+0.00 GA0.97 ST:0 MOD:E GPS:0,0 C:0
T322483 AX-0.974 AY-0.018 AZ-0.001 GX+2.52 GY-4.83 GZ-3.08 P1007.74 RH-0.1 KH-0.1 VZ+0.00 GA0.97 ST:0 MOD:E GPS:0,0 C:0
T322983 AX-0.985 AY-0.008 AZ+0.159 GX+2.94 GY+2.10 GZ-3.64 P1007.76 RH-0.3 KH-0.3 VZ+0.00 GA1.00 ST:0 MOD:E GPS:0,0 C:0
T323483 AX-0.985 AY-0.022 AZ-0.118 GX+3.08 GY-2.38 GZ-3.57 P1007.75 RH-0.2 KH-0.2 VZ+0.00 GA0.99 ST:0 MOD:E GPS:0,0 C:0
T323983 AX-0.962 AY-0.023 AZ-0.146 GX+2.24 GY-1.40 GZ-3.36 P1007.75 RH-0.2 KH-0.2 VZ+0.00 GA0.97 ST:0 MOD:E GPS:0,0 C:0
T324483 AX-0.965 AY-0.027 AZ-0.099 GX+3.57 GY-14.07 GZ-2.73 P1007.76 RH-0.3 KH-0.3 VZ+0.00 GA0.97 ST:0 MOD:E GPS:0,0 C:0
T324983 AX-0.976 AY-0.020 AZ-0.052 GX+2.52 GY-5.60 GZ-3.15 P1007.73 RH-0.1 KH-0.1 VZ+0.00 GA0.98 ST:0 MOD:E GPS:0,0 C:0
T325483 AX-0.965 AY-0.018 AZ-0.004 GX+2.17 GY-7.77 GZ-3.15 P1007.74 RH-0.1 KH-0.1 VZ+0.00 GA0.97 ST:0 MOD:E GPS:0,0 C:0
T325983 AX-0.974 AY-0.016 AZ-0.023 GX+2.24 GY-1.19 GZ-3.29 P1007.74 RH-0.2 KH-0.2 VZ+0.00 GA0.97 ST:0 MOD:E GPS:0,0 C:0
T326483 AX-0.968 AY-0.012 AZ+0.009 GX+2.24 GY-7.77 GZ-3.01 P1007.73 RH-0.0 KH-0.0 VZ+0.00 GA0.97 ST:0 MOD:E GPS:0,0 C:0
T326983 AX-1.022 AY-0.010 AZ+0.019 GX+2.73 GY-5.04 GZ-3.22 P1007.74 RH-0.1 KH-0.1 VZ+0.00 GA1.02 ST:0 MOD:E GPS:0,0 C:0
T327483 AX-0.965 AY-0.018 AZ+0.024 GX+2.03 GY-1.19 GZ-3.29 P1007.74 RH-0.1 KH-0.1 VZ+0.00 GA0.97 ST:0 MOD:E GPS:0,0 C:0
T327983 AX-0.958 AY-0.018 AZ+0.009 GX+2.24 GY-1.47 GZ-3.36 P1007.74 RH-0.1 KH-0.1 VZ+0.00 GA0.96 ST:0 MOD:E GPS:0,0 C:0
T328483 AX-0.968 AY-0.023 AZ-0.008 GX+2.17 GY-5.74 GZ-3.22 P1007.72 RH0.0 KH0.0 VZ+0.00 GA0.97 ST:0 MOD:E GPS:0,0 C:0
T328983 AX-0.955 AY-0.045 AZ+0.104 GX+2.94 GY-8.89 GZ-3.01 P1007.74 RH-0.1 KH-0.1 VZ+0.00 GA0.96 ST:0 MOD:E GPS:0,0 C:0
T329483 AX-0.961 AY-0.018 AZ+0.128 GX+2.17 GY+0.00 GZ-3.36 P1007.72 RH0.0 KH0.0 VZ+0.00 GA0.97 ST:0 MOD:E GPS:0,0 C:0
T329983 AX-0.960 AY-0.009 AZ+0.180 GX-9.87 GY-7.21 GZ-0.98 P1007.73 RH-0.0 KH-0.0 VZ+0.00 GA0.98 ST:0 MOD:E GPS:0,0 C:0
T330483 AX-0.958 AY+0.074 AZ+0.215 GX+17.92 GY-8.26 GZ-5.67 P1007.74 RH-0.1 KH-0.1 VZ+0.00 GA0.99 ST:0 MOD:E GPS:0,0 C:0
T330983 AX-0.966 AY+0.017 AZ+0.158 GX+2.10 GY-5.88 GZ-3.08 P1007.74 RH-0.1 KH-0.1 VZ+0.00 GA0.98 ST:0 MOD:E GPS:0,0 C:0
T331483 AX-0.943 AY-0.013 AZ+0.205 GX+1.12 GY-6.37 GZ-3.01 P1007.74 RH-0.1 KH-0.1 VZ+0.00 GA0.97 ST:0 MOD:E GPS:0,0 C:0
T331983 AX-0.936 AY-0.014 AZ+0.241 GX+5.88 GY-7.07 GZ-3.08 P1007.73 RH-0.0 KH-0.0 VZ+0.00 GA0.97 ST:0 MOD:E GPS:0,0 C:0
T332483 AX-0.954 AY+0.045 AZ+0.149 GX+4.55 GY-2.66 GZ-0.49 P1007.73 RH-0.0 KH-0.0 VZ+0.00 GA0.97 ST:0 MOD:E GPS:0,0 C:0
T332983 AX-0.946 AY-0.001 AZ+0.214 GX+2.31 GY-3.78 GZ-3.08 P1007.72 RH0.0 KH0.0 VZ+0.00 GA0.97 ST:0 MOD:E GPS:0,0 C:0
T333483 AX-0.951 AY-0.011 AZ+0.163 GX+2.24 GY-2.24 GZ-3.22 P1007.73 RH-0.0 KH-0.0 VZ+0.00 GA0.97 ST:0 MOD:E GPS:0,0 C:0
T333983 AX-0.950 AY-0.003 AZ+0.093 GX+4.55 GY+0.28 GZ-3.50 P1007.73 RH-0.0 KH-0.0 VZ+0.00 GA0.95 ST:0 MOD:E GPS:0,0 C:0
T334483 AX-0.953 AY-0.008 AZ+0.197 GX+2.52 GY-1.12 GZ-3.36 P1007.73 RH-0.0 KH-0.0 VZ+0.00 GA0.97 ST:0 MOD:E GPS:0,0 C:0
T334983 AX-0.946 AY-0.011 AZ+0.187 GX+2.17 GY-3.50 GZ-3.08 P1007.74 RH-0.1 KH-0.1 VZ+0.00 GA0.96 ST:0 MOD:E GPS:0,0 C:0
T335483 AX-0.946 AY-0.010 AZ+0.187 GX+2.24 GY-1.82 GZ-3.15 P1007.73 RH-0.1 KH-0.1 VZ+0.00 GA0.96 ST:0 MOD:E GPS:0,0 C:0
T335983 AX-0.953 AY-0.009 AZ+0.184 GX+2.10 GY-0.42 GZ-3.43 P1007.72 RH0.0 KH0.0 VZ+0.00 GA0.97 ST:0 MOD:E GPS:0,0 C:0
T336483 AX-0.953 AY-0.019 AZ+0.181 GX+2.17 GY-0.98 GZ-3.36 P1007.73 RH0.0 KH0.0 VZ+0.00 GA0.97 ST:0 MOD:E GPS:0,0 C:0
T336983 AX-0.957 AY-0.012 AZ+0.179 GX+2.31 GY-3.78 GZ-3.15 P1007.73 RH-0.0 KH-0.0 VZ+0.00 GA0.97 ST:0 MOD:E GPS:0,0 C:0
T337483 AX-0.942 AY-0.015 AZ+0.176 GX+2.17 GY-0.21 GZ-3.43 P1007.73 RH-0.0 KH-0.0 VZ+0.00 GA0.96 ST:0 MOD:E GPS:0,0 C:0
T337983 AX-0.958 AY-0.006 AZ+0.168 GX+2.10 GY+3.22 GZ-3.57 P1007.72 RH0.1 KH0.1 VZ+0.00 GA0.97 ST:0 MOD:E GPS:0,0 C:0
T338483 AX-0.948 AY-0.014 AZ+0.160 GX+2.31 GY-1.54 GZ-3.43 P1007.72 RH0.0 KH0.0 VZ+0.00 GA0.96 ST:0 MOD:E GPS:0,0 C:0
T338983 AX-0.954 AY-0.023 AZ+0.192 GX+2.31 GY+1.75 GZ-3.50 P1007.72 RH0.0 KH0.0 VZ+0.00 GA0.97 ST:0 MOD:E GPS:0,0 C:0
T339483 AX-0.947 AY-0.014 AZ+0.167 GX+2.17 GY-0.21 GZ-3.43 P1007.73 RH-0.1 KH-0.1 VZ+0.00 GA0.96 ST:0 MOD:E GPS:0,0 C:0
T339983 AX-0.957 AY-0.016 AZ+0.139 GX+1.40 GY-1.12 GZ-3.36 P1007.72 RH0.0 KH0.0 VZ+0.00 GA0.97 ST:0 MOD:E GPS:0,0 C:0
T340483 AX-0.950 AY-0.012 AZ+0.210 GX-0.07 GY-3.29 GZ-3.08 P1007.73 RH-0.0 KH-0.0 VZ+0.00 GA0.97 ST:0 MOD:E GPS:0,0 C:0
T340983 AX-0.953 AY-0.012 AZ+0.181 GX+2.38 GY-0.49 GZ-3.36 P1007.74 RH-0.1 KH-0.1 VZ+0.00 GA0.97 ST:0 MOD:E GPS:0,0 C:0
T341483 AX-0.952 AY-0.007 AZ+0.177 GX+2.31 GY-2.03 GZ-3.22 P1007.72 RH0.1 KH0.1 VZ+0.00 GA0.97 ST:0 MOD:E GPS:0,0 C:0
T341983 AX-0.944 AY-0.014 AZ+0.178 GX+2.59 GY-2.87 GZ-3.29 P1007.73 RH-0.0 KH-0.0 VZ+0.00 GA0.96 ST:0 MOD:E GPS:0,0 C:0
T342483 AX-0.943 AY-0.010 AZ+0.189 GX+1.26 GY+2.03 GZ-3.43 P1007.73 RH-0.0 KH-0.0 VZ+0.00 GA0.96 ST:0 MOD:E GPS:0,0 C:0
T342983 AX-0.958 AY-0.014 AZ+0.166 GX+1.89 GY-0.91 GZ-3.29 P1007.72 RH0.0 KH0.0 VZ+0.00 GA0.97 ST:0 MOD:E GPS:0,0 C:0
T343483 AX-0.957 AY+0.059 AZ-0.022 GX-1.19 GY+10.71 GZ-3.50 P1007.72 RH0.1 KH0.1 VZ+0.00 GA0.96 ST:0 MOD:E GPS:0,0 C:0
T343983 AX-0.967 AY+0.013 AZ+0.078 GX-4.62 GY+24.64 GZ-2.24 P1007.71 RH0.1 KH0.1 VZ+0.00 GA0.97 ST:0 MOD:E GPS:0,0 C:0
T344483 AX-0.950 AY+0.022 AZ+0.114 GX+1.05 GY+2.24 GZ-4.62 P1007.72 RH0.1 KH0.1 VZ+0.00 GA0.96 ST:0 MOD:E GPS:0,0 C:0
MOD: BMP=1 IMU=1 LORA=1  REF_PRESS=1007.72 hPa  CLK=HSE  RST=NRST-PIN
MSG ERROR UNRESTRICTED MODE - dpl/abg gates OFF - NOT FLIGHT SAFE
T3960 AX-0.962 AY-0.015 AZ+0.114 GX+2.66 GY-1.68 GZ-3.36 P1007.73 RH-0.1 KH-0.1 VZ+0.00 GA0.97 ST:0 MOD:E GPS:0,0 C:0
T4460 AX-0.965 AY-0.011 AZ+0.109 GX+2.80 GY-1.61 GZ-3.43 P1007.71 RH0.1 KH0.1 VZ+0.00 GA0.97 ST:0 MOD:E GPS:0,0 C:0
T4960 AX-0.961 AY-0.018 AZ+0.103 GX+2.45 GY-0.07 GZ-3.43 P1007.73 RH-0.1 KH-0.1 VZ+0.00 GA0.97 ST:0 MOD:E GPS:0,0 C:0
T5460 AX-0.975 AY-0.013 AZ+0.103 GX+2.87 GY-1.61 GZ-3.43 P1007.73 RH-0.1 KH-0.1 VZ+0.00 GA0.98 ST:0 MOD:E GPS:0,0 C:0
T5960 AX-0.968 AY-0.014 AZ+0.104 GX+2.73 GY+1.54 GZ-3.57 P1007.73 RH-0.0 KH-0.0 VZ+0.00 GA0.97 ST:0 MOD:E GPS:0,0 C:0
T7000 AX-0.959 AY-0.019 AZ+0.107 GX+2.87 GY-2.52 GZ-3.29 P1007.73 RH-0.1 KH-0.1 VZ+0.00 GA0.97 ST:0 MOD:F GPS:0,0 C:0
T7500 AX-0.964 AY-0.012 AZ+0.117 GX+2.87 GY-2.38 GZ-3.36 P1007.74 RH-0.2 KH-0.2 VZ+0.00 GA0.97 ST:0 MOD:F GPS:0,0 C:0
T8000 AX-0.973 AY-0.020 AZ+0.113 GX+2.73 GY+0.07 GZ-3.50 P1007.74 RH-0.1 KH-0.1 VZ+0.00 GA0.98 ST:0 MOD:F GPS:0,0 C:0
T8500 AX-0.960 AY-0.015 AZ+0.115 GX+2.66 GY-0.91 GZ-3.43 P1007.74 RH-0.1 KH-0.1 VZ+0.00 GA0.97 ST:0 MOD:F GPS:0,0 C:0
T9000 AX-0.956 AY-0.035 AZ+0.105 GX+2.87 GY-0.14 GZ-3.57 P1007.73 RH-0.1 KH-0.1 VZ+0.00 GA0.96 ST:0 MOD:F GPS:0,0 C:0
T9500 AX-0.964 AY-0.013 AZ+0.128 GX+2.87 GY-0.49 GZ-3.50 P1007.74 RH-0.1 KH-0.1 VZ+0.00 GA0.97 ST:0 MOD:F GPS:0,0 C:0
T10000 AX-0.965 AY-0.012 AZ+0.109 GX+2.66 GY-0.91 GZ-3.43 P1007.72 RH-0.0 KH-0.0 VZ+0.00 GA0.97 ST:0 MOD:F GPS:0,0 C:0
T10500 AX-0.966 AY-0.011 AZ+0.103 GX+2.87 GY-1.96 GZ-3.36 P1007.73 RH-0.1 KH-0.1 VZ+0.00 GA0.97 ST:0 MOD:F GPS:0,0 C:0
T11000 AX-0.959 AY-0.015 AZ+0.099 GX+2.87 GY-2.59 GZ-3.43 P1007.73 RH-0.1 KH-0.1 VZ+0.00 GA0.96 ST:0 MOD:F GPS:0,0 C:0
T11500 AX-0.966 AY-0.014 AZ+0.099 GX+2.87 GY+3.29 GZ-3.64 P1007.73 RH-0.1 KH-0.1 VZ+0.00 GA0.97 ST:0 MOD:F GPS:0,0 C:0
T12000 AX-0.952 AY-0.018 AZ+0.117 GX+2.73 GY-2.03 GZ-3.36 P1007.74 RH-0.1 KH-0.1 VZ+0.00 GA0.96 ST:0 MOD:F GPS:0,0 C:0
T12500 AX-0.966 AY-0.011 AZ+0.095 GX+2.66 GY-2.24 GZ-3.29 P1007.73 RH-0.1 KH-0.1 VZ+0.00 GA0.97 ST:0 MOD:F GPS:0,0 C:0
T13000 AX-0.967 AY-0.013 AZ+0.104 GX+2.80 GY-1.54 GZ-3.36 P1007.73 RH-0.1 KH-0.1 VZ+0.00 GA0.97 ST:0 MOD:E GPS:0,0 C:0
T13500 AX-0.960 AY-0.012 AZ+0.103 GX+2.66 GY-1.54 GZ-3.36 P1007.74 RH-0.2 KH-0.2 VZ+0.00 GA0.97 ST:0 MOD:E GPS:0,0 C:0
T14000 AX-0.966 AY-0.019 AZ+0.109 GX+2.59 GY+4.41 GZ-3.50 P1007.75 RH-0.3 KH-0.3 VZ+0.00 GA0.97 ST:0 MOD:E GPS:0,0 C:0
T14500 AX-0.970 AY-0.012 AZ+0.080 GX+2.73 GY+2.38 GZ-3.43 P1007.72 RH0.0 KH0.0 VZ+0.00 GA0.97 ST:0 MOD:E GPS:0,0 C:0
T15000 AX-0.960 AY-0.016 AZ+0.092 GX+2.80 GY-3.43 GZ-3.36 P1007.73 RH-0.1 KH-0.1 VZ+0.00 GA0.96 ST:0 MOD:E GPS:0,0 C:0
T15500 AX-0.964 AY-0.012 AZ+0.095 GX+2.87 GY-2.10 GZ-3.43 P1007.73 RH-0.1 KH-0.1 VZ+0.00 GA0.97 ST:0 MOD:E GPS:0,0 C:0
T16000 AX-0.958 AY-0.015 AZ+0.081 GX+2.66 GY-4.13 GZ-3.36 P1007.74 RH-0.1 KH-0.1 VZ+0.00 GA0.96 ST:0 MOD:E GPS:0,0 C:0
T16500 AX-0.964 AY-0.018 AZ+0.081 GX+2.59 GY-2.38 GZ-3.43 P1007.73 RH-0.1 KH-0.1 VZ+0.00 GA0.97 ST:0 MOD:E GPS:0,0 C:0
T17000 AX-0.967 AY-0.016 AZ+0.107 GX+2.73 GY-1.19 GZ-3.36 P1007.72 RH-0.0 KH-0.0 VZ+0.00 GA0.97 ST:0 MOD:E GPS:0,0 C:0
T17500 AX-0.959 AY-0.012 AZ+0.089 GX+2.87 GY-2.94 GZ-3.36 P1007.73 RH-0.1 KH-0.1 VZ+0.00 GA0.96 ST:0 MOD:E GPS:0,0 C:0
T18000 AX-0.958 AY+0.006 AZ+0.122 GX+3.29 GY-4.97 GZ-3.08 P1007.73 RH-0.1 KH-0.1 VZ+0.00 GA0.97 ST:0 MOD:E GPS:0,0 C:0
T18500 AX-0.951 AY-0.015 AZ+0.174 GX+2.87 GY-3.85 GZ-3.36 P1007.73 RH-0.1 KH-0.1 VZ+0.00 GA0.97 ST:0 MOD:E GPS:0,0 C:0
T19000 AX-0.951 AY-0.016 AZ+0.180 GX+2.31 GY-2.52 GZ-3.50 P1007.74 RH-0.2 KH-0.2 VZ+0.00 GA0.97 ST:0 MOD:E GPS:0,0 C:0
T19500 AX-0.950 AY-0.013 AZ+0.151 GX+2.87 GY-0.35 GZ-3.50 P1007.71 RH0.1 KH0.1 VZ+0.00 GA0.96 ST:0 MOD:E GPS:0,0 C:0
T20000 AX-0.951 AY-0.011 AZ+0.152 GX+2.73 GY+2.10 GZ-3.78 P1007.74 RH-0.1 KH-0.1 VZ+0.00 GA0.96 ST:0 MOD:E GPS:0,0 C:0
T20500 AX-0.956 AY-0.018 AZ+0.160 GX+2.73 GY-3.15 GZ-3.36 P1007.73 RH-0.0 KH-0.0 VZ+0.00 GA0.97 ST:0 MOD:E GPS:0,0 C:0
T21000 AX-0.956 AY-0.021 AZ+0.132 GX+2.94 GY-2.52 GZ-3.43 P1007.73 RH-0.1 KH-0.1 VZ+0.00 GA0.96 ST:0 MOD:E GPS:0,0 C:0
T21500 AX-0.963 AY-0.013 AZ+0.153 GX+2.66 GY-0.07 GZ-3.50 P1007.72 RH-0.0 KH-0.0 VZ+0.00 GA0.98 ST:0 MOD:E GPS:0,0 C:0
T22000 AX-0.958 AY-0.020 AZ+0.117 GX+2.73 GY-0.14 GZ-3.43 P1007.73 RH-0.1 KH-0.1 VZ+0.00 GA0.97 ST:0 MOD:E GPS:0,0 C:0
T22500 AX-0.963 AY-0.021 AZ+0.113 GX+2.66 GY+2.94 GZ-3.50 P1007.72 RH0.0 KH0.0 VZ+0.00 GA0.97 ST:0 MOD:E GPS:0,0 C:0
T23000 AX-0.960 AY-0.015 AZ+0.061 GX+3.01 GY+14.84 GZ-3.85 P1007.72 RH0.0 KH0.0 VZ+0.00 GA0.96 ST:0 MOD:E GPS:0,0 C:0
T23500 AX-0.958 AY-0.024 AZ+0.065 GX+3.01 GY-13.37 GZ-3.01 P1007.72 RH0.0 KH0.0 VZ+0.00 GA0.96 ST:0 MOD:E GPS:0,0 C:0
T24000 AX-0.965 AY-0.022 AZ+0.078 GX+2.94 GY-4.76 GZ-3.29 P1007.73 RH-0.1 KH-0.1 VZ+0.00 GA0.97 ST:0 MOD:E GPS:0,0 C:0
T24500 AX-0.969 AY-0.029 AZ-0.208 GX+2.03 GY+17.71 GZ-3.92 P1007.71 RH0.1 KH0.1 VZ+0.00 GA0.99 ST:0 MOD:E GPS:0,0 C:0
T25000 AX-0.965 AY-0.013 AZ+0.054 GX+2.73 GY-1.05 GZ-3.29 P1007.71 RH0.1 KH0.1 VZ+0.00 GA0.97 ST:0 MOD:E GPS:0,0 C:0
T25500 AX-0.972 AY-0.017 AZ+0.065 GX+2.59 GY-0.14 GZ-3.36 P1007.72 RH0.0 KH0.0 VZ+0.00 GA0.97 ST:0 MOD:E GPS:0,0 C:0
T26000 AX-0.962 AY-0.019 AZ+0.039 GX+2.80 GY-1.26 GZ-3.43 P1007.71 RH0.1 KH0.1 VZ+0.00 GA0.96 ST:0 MOD:E GPS:0,0 C:0
T26500 AX-0.969 AY-0.013 AZ+0.048 GX+2.87 GY-2.66 GZ-3.29 P1007.72 RH-0.0 KH-0.0 VZ+0.00 GA0.97 ST:0 MOD:E GPS:0,0 C:0
T27000 AX-0.973 AY-0.034 AZ+0.020 GX+3.43 GY-3.57 GZ-3.43 P1007.73 RH-0.1 KH-0.1 VZ+0.00 GA0.97 ST:0 MOD:E GPS:0,0 C:0
T27500 AX-0.970 AY-0.010 AZ+0.075 GX-1.54 GY-5.39 GZ-2.94 P1007.73 RH-0.0 KH-0.0 VZ+0.00 GA0.97 ST:0 MOD:E GPS:0,0 C:0
T28000 AX-0.980 AY-0.003 AZ+0.112 GX-1.40 GY+2.59 GZ-4.48 P1007.73 RH-0.1 KH-0.1 VZ+0.00 GA0.99 ST:0 MOD:E GPS:0,0 C:0
T28500 AX-0.988 AY+0.000 AZ+0.113 GX+7.00 GY-6.51 GZ-3.57 P1007.72 RH-0.0 KH-0.0 VZ+0.00 GA0.99 ST:0 MOD:E GPS:0,0 C:0
T29000 AX-0.969 AY-0.025 AZ-0.005 GX+2.52 GY+0.49 GZ-3.50 P1007.72 RH-0.0 KH-0.0 VZ+0.00 GA0.97 ST:0 MOD:E GPS:0,0 C:0
T29500 AX-0.972 AY-0.011 AZ+0.029 GX+2.87 GY+7.49 GZ-3.57 P1007.73 RH-0.1 KH-0.1 VZ+0.00 GA0.97 ST:0 MOD:E GPS:0,0 C:0
T30000 AX-0.970 AY-0.014 AZ+0.099 GX+2.87 GY-4.27 GZ-3.29 P1007.74 RH-0.1 KH-0.1 VZ+0.00 GA0.98 ST:0 MOD:E GPS:0,0 C:0
T30500 AX-0.968 AY-0.016 AZ+0.077 GX+2.24 GY+17.99 GZ-4.13 P1007.72 RH-0.0 KH-0.0 VZ+0.00 GA0.97 ST:0 MOD:E GPS:0,0 C:0
T31000 AX-0.967 AY-0.017 AZ+0.066 GX+2.73 GY+1.47 GZ-3.57 P1007.73 RH-0.1 KH-0.1 VZ+0.00 GA0.97 ST:0 MOD:E GPS:0,0 C:0
T31500 AX-0.984 AY-0.021 AZ-0.083 GX+3.01 GY+0.07 GZ-3.57 P1007.72 RH-0.0 KH-0.0 VZ+0.00 GA0.99 ST:0 MOD:E GPS:0,0 C:0
T32000 AX-0.975 AY-0.020 AZ+0.039 GX+2.87 GY-2.80 GZ-3.36 P1007.72 RH-0.0 KH-0.0 VZ+0.00 GA0.98 ST:0 MOD:E GPS:0,0 C:0
T32500 AX-0.964 AY-0.012 AZ+0.064 GX+2.80 GY-2.94 GZ-3.36 P1007.73 RH-0.1 KH-0.1 VZ+0.00 GA0.97 ST:0 MOD:E GPS:0,0 C:0
T33000 AX-0.963 AY-0.027 AZ+0.029 GX+2.80 GY+1.40 GZ-3.64 P1007.73 RH-0.1 KH-0.1 VZ+0.00 GA0.96 ST:0 MOD:E GPS:0,0 C:0
T33500 AX-0.967 AY-0.021 AZ+0.012 GX+2.66 GY+7.98 GZ-3.85 P1007.72 RH-0.0 KH-0.0 VZ+0.00 GA0.97 ST:0 MOD:E GPS:0,0 C:0
T34000 AX-0.971 AY-0.015 AZ+0.021 GX+2.73 GY-7.42 GZ-3.22 P1007.73 RH-0.1 KH-0.1 VZ+0.00 GA0.97 ST:0 MOD:E GPS:0,0 C:0
T34500 AX-0.968 AY-0.012 AZ+0.061 GX+2.66 GY-6.79 GZ-3.29 P1007.72 RH0.0 KH0.0 VZ+0.00 GA0.97 ST:0 MOD:E GPS:0,0 C:0
T35000 AX-0.959 AY-0.027 AZ+0.028 GX+2.87 GY+8.89 GZ-3.64 P1007.73 RH-0.1 KH-0.1 VZ+0.00 GA0.96 ST:0 MOD:E GPS:0,0 C:0
T35500 AX-0.963 AY-0.020 AZ+0.080 GX+2.66 GY+0.21 GZ-3.50 P1007.73 RH-0.0 KH-0.0 VZ+0.00 GA0.97 ST:0 MOD:E GPS:0,0 C:0
T36000 AX-0.949 AY-0.002 AZ+0.208 GX+4.27 GY-4.62 GZ-3.43 P1007.72 RH0.0 KH0.0 VZ+0.00 GA0.97 ST:0 MOD:E GPS:0,0 C:0
T36500 AX-0.927 AY-0.011 AZ+0.261 GX+2.52 GY+4.13 GZ-3.78 P1007.72 RH0.0 KH0.0 VZ+0.00 GA0.96 ST:0 MOD:E GPS:0,0 C:0
T37000 AX-0.940 AY-0.008 AZ+0.228 GX+2.80 GY-1.40 GZ-3.36 P1007.73 RH-0.0 KH-0.0 VZ+0.00 GA0.97 ST:0 MOD:E GPS:0,0 C:0
T37500 AX-0.953 AY-0.015 AZ+0.137 GX+2.66 GY+8.82 GZ-4.13 P1007.72 RH0.0 KH0.0 VZ+0.00 GA0.96 ST:0 MOD:E GPS:0,0 C:0
T38000 AX-0.966 AY-0.032 AZ-0.036 GX+0.91 GY+15.54 GZ-3.99 P1007.72 RH0.0 KH0.0 VZ+0.00 GA0.97 ST:0 MOD:E GPS:0,0 C:0
T38500 AX-0.982 AY-0.022 AZ+0.022 GX+3.15 GY-3.57 GZ-3.36 P1007.74 RH-0.1 KH-0.1 VZ+0.00 GA0.98 ST:0 MOD:E GPS:0,0 C:0
T39000 AX-0.969 AY-0.018 AZ+0.055 GX+2.94 GY-5.04 GZ-3.43 P1007.71 RH0.1 KH0.1 VZ+0.00 GA0.97 ST:0 MOD:E GPS:0,0 C:0
T39500 AX-0.969 AY-0.020 AZ+0.031 GX+3.01 GY-4.34 GZ-3.29 P1007.70 RH0.1 KH0.1 VZ+0.00 GA0.97 ST:0 MOD:E GPS:0,0 C:0
T40000 AX-0.965 AY-0.015 AZ+0.063 GX+2.87 GY-5.32 GZ-3.36 P1007.71 RH0.1 KH0.1 VZ+0.00 GA0.97 ST:0 MOD:E GPS:0,0 C:0
T40500 AX-0.966 AY-0.015 AZ+0.078 GX+2.87 GY-1.54 GZ-3.50 P1007.72 RH0.0 KH0.0 VZ+0.00 GA0.97 ST:0 MOD:E GPS:0,0 C:0
T41000 AX-0.975 AY-0.013 AZ+0.072 GX+2.59 GY+4.41 GZ-3.64 P1007.73 RH-0.0 KH-0.0 VZ+0.00 GA0.98 ST:0 MOD:E GPS:0,0 C:0
T41500 AX-0.967 AY-0.016 AZ+0.030 GX+2.45 GY+6.44 GZ-3.71 P1007.71 RH0.1 KH0.1 VZ+0.00 GA0.97 ST:0 MOD:E GPS:0,0 C:0
T42000 AX-0.850 AY-0.009 AZ+0.433 GX+7.00 GY-71.19 GZ+12.32 P1007.72 RH0.0 KH0.0 VZ+0.00 GA0.95 ST:0 MOD:E GPS:0,0 C:0
T42500 AX-0.674 AY+0.013 AZ+0.642 GX+74.48 GY-93.80 GZ-32.83 P1007.72 RH-0.0 KH-0.0 VZ+0.00 GA0.93 ST:0 MOD:E GPS:0,0 C:0
T43000 AX-0.517 AY+0.143 AZ+0.754 GX-15.61 GY+22.05 GZ+26.67 P1007.73 RH-0.1 KH-0.1 VZ+0.00 GA0.93 ST:0 MOD:E GPS:0,0 C:0
T43500 AX-0.388 AY+0.002 AZ+1.042 GX+1.54 GY-26.95 GZ-7.56 P1007.73 RH-0.0 KH-0.0 VZ+0.00 GA1.11 ST:0 MOD:E GPS:0,0 C:0
T44000 AX+0.175 AY-0.343 AZ+0.565 GX+44.38 GY-8.89 GZ+18.76 P1007.74 RH-0.1 KH-0.1 VZ+0.00 GA0.68 ST:0 MOD:E GPS:0,0 C:0
T44500 AX+0.016 AY+0.172 AZ+0.962 GX+2.80 GY-1.68 GZ-3.15 P1007.73 RH-0.1 KH-0.1 VZ+0.00 GA0.98 ST:0 MOD:E GPS:0,0 C:0
T45000 AX+0.013 AY+0.166 AZ+0.970 GX+2.80 GY-1.54 GZ-3.29 P1007.72 RH0.0 KH0.0 VZ+0.00 GA0.98 ST:0 MOD:E GPS:0,0 C:0
T45500 AX+0.005 AY+0.164 AZ+0.962 GX+2.73 GY-1.54 GZ-3.22 P1007.72 RH0.0 KH0.0 VZ+0.00 GA0.98 ST:0 MOD:E GPS:0,0 C:0
T46000 AX+0.005 AY+0.172 AZ+0.963 GX+2.80 GY-1.54 GZ-3.29 P1007.73 RH-0.1 KH-0.1 VZ+0.00 GA0.98 ST:0 MOD:E GPS:0,0 C:0
T46500 AX+0.013 AY+0.174 AZ+0.965 GX+2.80 GY-1.61 GZ-3.22 P1007.73 RH-0.1 KH-0.1 VZ+0.00 GA0.98 ST:0 MOD:E GPS:0,0 C:0
T47000 AX+0.015 AY+0.173 AZ+0.965 GX+2.73 GY-1.54 GZ-3.36 P1007.73 RH-0.1 KH-0.1 VZ+0.00 GA0.98 ST:0 MOD:E GPS:0,0 C:0
T47500 AX+0.009 AY+0.174 AZ+0.957 GX+2.80 GY-1.54 GZ-3.29 P1007.72 RH-0.0 KH-0.0 VZ+0.00 GA0.97 ST:0 MOD:E GPS:0,0 C:0
T48000 AX+0.014 AY+0.168 AZ+0.958 GX+2.80 GY-1.47 GZ-3.15 P1007.72 RH-0.0 KH-0.0 VZ+0.00 GA0.97 ST:0 MOD:E GPS:0,0 C:0
T48500 AX+0.008 AY+0.170 AZ+0.965 GX+2.80 GY-1.68 GZ-3.22 P1007.73 RH-0.0 KH-0.0 VZ+0.00 GA0.98 ST:0 MOD:E GPS:0,0 C:0
T49000 AX+0.008 AY+0.175 AZ+0.964 GX+2.73 GY-1.61 GZ-3.29 P1007.73 RH-0.1 KH-0.1 VZ+0.00 GA0.98 ST:0 MOD:E GPS:0,0 C:0
T49500 AX+0.009 AY+0.170 AZ+0.963 GX+2.66 GY-1.54 GZ-3.29 P1007.73 RH-0.0 KH-0.0 VZ+0.00 GA0.98 ST:0 MOD:E GPS:0,0 C:0
T50000 AX+0.012 AY+0.175 AZ+0.958 GX+2.80 GY-1.61 GZ-3.29 P1007.73 RH-0.1 KH-0.1 VZ+0.00 GA0.97 ST:0 MOD:E GPS:0,0 C:0
T50500 AX+0.007 AY+0.171 AZ+0.958 GX+2.73 GY-1.47 GZ-3.22 P1007.73 RH-0.0 KH-0.0 VZ+0.00 GA0.97 ST:0 MOD:E GPS:0,0 C:0
T51000 AX+0.012 AY+0.174 AZ+0.961 GX+2.66 GY-1.61 GZ-3.22 P1007.73 RH-0.1 KH-0.1 VZ+0.00 GA0.98 ST:0 MOD:E GPS:0,0 C:0
T51500 AX+0.007 AY+0.175 AZ+0.957 GX+2.73 GY-1.47 GZ-3.22 P1007.72 RH0.0 KH0.0 VZ+0.00 GA0.97 ST:0 MOD:E GPS:0,0 C:0
T52000 AX+0.011 AY+0.170 AZ+0.968 GX+2.73 GY-1.61 GZ-3.29 P1007.72 RH-0.0 KH-0.0 VZ+0.00 GA0.98 ST:0 MOD:E GPS:0,0 C:0
T52500 AX+0.010 AY+0.164 AZ+0.960 GX+2.73 GY-1.47 GZ-3.22 P1007.73 RH-0.0 KH-0.0 VZ+0.00 GA0.97 ST:0 MOD:E GPS:0,0 C:0
T53000 AX+0.010 AY+0.173 AZ+0.961 GX+2.73 GY-1.47 GZ-3.22 P1007.73 RH-0.1 KH-0.1 VZ+0.00 GA0.98 ST:0 MOD:E GPS:0,0 C:0
T53500 AX+0.008 AY+0.172 AZ+0.957 GX+2.80 GY-1.61 GZ-3.22 P1007.72 RH-0.0 KH-0.0 VZ+0.00 GA0.97 ST:0 MOD:E GPS:0,0 C:0
T54000 AX+0.002 AY+0.167 AZ+0.964 GX+2.80 GY-1.54 GZ-3.29 P1007.72 RH0.0 KH0.0 VZ+0.00 GA0.98 ST:0 MOD:E GPS:0,0 C:0
T54500 AX+0.011 AY+0.165 AZ+0.964 GX+2.87 GY-1.68 GZ-3.29 P1007.72 RH0.0 KH0.0 VZ+0.00 GA0.98 ST:0 MOD:E GPS:0,0 C:0
T55000 AX-0.001 AY+0.177 AZ+0.953 GX+2.66 GY-1.47 GZ-3.22 P1007.73 RH-0.1 KH-0.1 VZ+0.00 GA0.97 ST:0 MOD:E GPS:0,0 C:0
T55500 AX+0.011 AY+0.174 AZ+0.961 GX+2.73 GY-1.40 GZ-3.29 P1007.73 RH-0.1 KH-0.1 VZ+0.00 GA0.98 ST:0 MOD:E GPS:0,0 C:0
T56000 AX+0.004 AY+0.169 AZ+0.948 GX+2.66 GY-1.54 GZ-3.22 P1007.72 RH0.0 KH0.0 VZ+0.00 GA0.96 ST:0 MOD:E GPS:0,0 C:0
T56500 AX+0.012 AY+0.175 AZ+0.966 GX+2.73 GY-1.54 GZ-3.29 P1007.72 RH0.0 KH0.0 VZ+0.00 GA0.98 ST:0 MOD:E GPS:0,0 C:0
T57000 AX+0.012 AY+0.168 AZ+0.966 GX+2.73 GY-1.54 GZ-3.29 P1007.72 RH0.0 KH0.0 VZ+0.00 GA0.98 ST:0 MOD:E GPS:0,0 C:0
T57500 AX+0.015 AY+0.165 AZ+0.967 GX+2.73 GY-1.54 GZ-3.22 P1007.73 RH-0.0 KH-0.0 VZ+0.00 GA0.98 ST:0 MOD:E GPS:0,0 C:0
T58000 AX+0.005 AY+0.173 AZ+0.965 GX+2.80 GY-1.54 GZ-3.29 P1007.72 RH0.0 KH0.0 VZ+0.00 GA0.98 ST:0 MOD:E GPS:0,0 C:0
T58500 AX+0.011 AY+0.174 AZ+0.966 GX+2.73 GY-1.47 GZ-3.29 P1007.71 RH0.1 KH0.1 VZ+0.00 GA0.98 ST:0 MOD:E GPS:0,0 C:0
T59000 AX+0.007 AY+0.169 AZ+0.960 GX+2.87 GY-1.47 GZ-3.29 P1007.72 RH-0.0 KH-0.0 VZ+0.00 GA0.98 ST:0 MOD:E GPS:0,0 C:0
T59500 AX+0.009 AY+0.165 AZ+0.979 GX+2.73 GY-1.54 GZ-3.22 P1007.71 RH0.1 KH0.1 VZ+0.00 GA0.99 ST:0 MOD:E GPS:0,0 C:0
T60000 AX+0.012 AY+0.178 AZ+0.978 GX+2.73 GY-1.54 GZ-3.29 P1007.74 RH-0.1 KH-0.1 VZ+0.00 GA0.99 ST:0 MOD:E GPS:0,0 C:0
T60500 AX+0.016 AY+0.173 AZ+0.961 GX+2.73 GY-1.54 GZ-3.22 P1007.73 RH-0.1 KH-0.1 VZ+0.00 GA0.98 ST:0 MOD:E GPS:0,0 C:0
T61000 AX+0.017 AY+0.167 AZ+0.970 GX+2.73 GY-1.61 GZ-3.29 P1007.73 RH-0.1 KH-0.1 VZ+0.00 GA0.98 ST:0 MOD:E GPS:0,0 C:0
T61500 AX+0.014 AY+0.167 AZ+0.967 GX+2.80 GY-1.54 GZ-3.29 P1007.71 RH0.1 KH0.1 VZ+0.00 GA0.98 ST:0 MOD:E GPS:0,0 C:0
T62000 AX+0.007 AY+0.172 AZ+0.958 GX+2.73 GY-1.54 GZ-3.29 P1007.73 RH-0.1 KH-0.1 VZ+0.00 GA0.97 ST:0 MOD:E GPS:0,0 C:0
T62500 AX+0.012 AY+0.184 AZ+0.963 GX+2.73 GY-1.54 GZ-3.29 P1007.72 RH0.0 KH0.0 VZ+0.00 GA0.98 ST:0 MOD:E GPS:0,0 C:0
T63000 AX+0.002 AY+0.171 AZ+0.981 GX+2.80 GY-1.47 GZ-3.22 P1007.72 RH-0.0 KH-0.0 VZ+0.00 GA1.00 ST:0 MOD:E GPS:0,0 C:0
T63500 AX+0.004 AY+0.170 AZ+0.960 GX+2.73 GY-1.61 GZ-3.29 P1007.72 RH-0.0 KH-0.0 VZ+0.00 GA0.97 ST:0 MOD:E GPS:0,0 C:0
T64000 AX+0.013 AY+0.170 AZ+0.961 GX+2.73 GY-1.61 GZ-3.29 P1007.73 RH-0.1 KH-0.1 VZ+0.00 GA0.98 ST:0 MOD:E GPS:0,0 C:0
T64500 AX+0.010 AY+0.172 AZ+0.959 GX+2.73 GY-1.61 GZ-3.22 P1007.73 RH-0.1 KH-0.1 VZ+0.00 GA0.97 ST:0 MOD:E GPS:0,0 C:0
T65000 AX+0.017 AY+0.171 AZ+0.966 GX+2.73 GY-1.68 GZ-3.15 P1007.73 RH-0.0 KH-0.0 VZ+0.00 GA0.98 ST:0 MOD:E GPS:0,0 C:0
T65500 AX+0.014 AY+0.172 AZ+0.962 GX+2.73 GY-1.54 GZ-3.22 P1007.72 RH0.0 KH0.0 VZ+0.00 GA0.98 ST:0 MOD:E GPS:0,0 C:0
T66000 AX+0.006 AY+0.171 AZ+0.966 GX+2.73 GY-1.61 GZ-3.22 P1007.72 RH0.1 KH0.1 VZ+0.00 GA0.98 ST:0 MOD:E GPS:0,0 C:0
T66500 AX+0.033 AY+0.208 AZ+0.968 GX+2.66 GY-1.47 GZ-3.29 P1007.71 RH0.1 KH0.1 VZ+0.00 GA0.99 ST:0 MOD:E GPS:0,0 C:0
T122500 AX+0.003 AY+0.167 AZ+0.966 GX+2.80 GY-1.54 GZ-3.36 P1007.70 RH0.2 KH0.2 VZ+0.00 GA0.98 ST:0 MOD:E GPS:0,0 C:0
T123000 AX+0.015 AY+0.164 AZ+0.970 GX+2.73 GY-1.47 GZ-3.36 P1007.70 RH0.2 KH0.2 VZ+0.00 GA0.98 ST:0 MOD:E GPS:0,0 C:0
T123500 AX+0.013 AY+0.166 AZ+0.966 GX+2.80 GY-1.61 GZ-3.22 P1007.69 RH0.2 KH0.2 VZ+0.00 GA0.98 ST:0 MOD:E GPS:0,0 C:0
T124000 AX+0.007 AY+0.177 AZ+0.981 GX+2.80 GY-1.61 GZ-3.22 P1007.69 RH0.3 KH0.3 VZ+0.00 GA1.00 ST:0 MOD:E GPS:0,0 C:0
T124500 AX+0.005 AY+0.171 AZ+0.968 GX+2.73 GY-1.61 GZ-3.36 P1007.69 RH0.2 KH0.2 VZ+0.00 GA0.98 ST:0 MOD:E GPS:0,0 C:0
T125000 AX-0.006 AY+0.167 AZ+0.971 GX+2.73 GY-1.61 GZ-3.22 P1007.71 RH0.1 KH0.1 VZ+0.00 GA0.98 ST:0 MOD:E GPS:0,0 C:0
T125500 AX+0.003 AY+0.164 AZ+0.974 GX+2.73 GY-1.61 GZ-3.29 P1007.70 RH0.2 KH0.2 VZ+0.00 GA0.99 ST:0 MOD:E GPS:0,0 C:0
T126000 AX-0.014 AY+0.148 AZ+0.930 GX+2.87 GY-1.54 GZ-3.36 P1007.69 RH0.2 KH0.2 VZ+0.00 GA0.94 ST:0 MOD:E GPS:0,0 C:0
T126500 AX+0.013 AY+0.156 AZ+0.971 GX+2.80 GY-1.54 GZ-3.36 P1007.68 RH0.3 KH0.3 VZ+0.00 GA0.98 ST:0 MOD:E GPS:0,0 C:0
T127000 AX+0.007 AY+0.171 AZ+0.978 GX+2.87 GY-1.54 GZ-3.29 P1007.68 RH0.3 KH0.3 VZ+0.00 GA0.99 ST:0 MOD:E GPS:0,0 C:0
T127500 AX+0.006 AY+0.166 AZ+0.958 GX+2.80 GY-1.54 GZ-3.36 P1007.70 RH0.2 KH0.2 VZ+0.00 GA0.97 ST:0 MOD:E GPS:0,0 C:0
T128000 AX+0.002 AY+0.171 AZ+0.965 GX+2.80 GY-1.54 GZ-3.29 P1007.69 RH0.3 KH0.3 VZ+0.00 GA0.98 ST:0 MOD:E GPS:0,0 C:0
T128500 AX+0.008 AY+0.174 AZ+0.969 GX+2.87 GY-1.54 GZ-3.29 P1007.69 RH0.3 KH0.3 VZ+0.00 GA0.98 ST:0 MOD:E GPS:0,0 C:0
T129000 AX+0.011 AY+0.174 AZ+0.964 GX+2.73 GY-1.61 GZ-3.22 P1007.70 RH0.1 KH0.1 VZ+0.00 GA0.98 ST:0 MOD:E GPS:0,0 C:0
T129500 AX+0.004 AY+0.161 AZ+0.958 GX+2.87 GY-1.54 GZ-3.29 P1007.70 RH0.1 KH0.1 VZ+0.00 GA0.97 ST:0 MOD:E GPS:0,0 C:0
T130000 AX+0.008 AY+0.165 AZ+0.967 GX+2.73 GY-1.54 GZ-3.36 P1007.69 RH0.3 KH0.3 VZ+0.00 GA0.98 ST:0 MOD:E GPS:0,0 C:0
T130500 AX+0.013 AY+0.168 AZ+0.965 GX+2.80 GY-1.54 GZ-3.22 P1007.71 RH0.1 KH0.1 VZ+0.00 GA0.98 ST:0 MOD:E GPS:0,0 C:0
T131000 AX+0.013 AY+0.171 AZ+0.975 GX+2.73 GY-1.54 GZ-3.43 P1007.72 RH0.0 KH0.0 VZ+0.00 GA0.99 ST:0 MOD:E GPS:0,0 C:0
T131500 AX-0.001 AY+0.166 AZ+0.969 GX+2.80 GY-1.47 GZ-3.36 P1007.70 RH0.1 KH0.1 VZ+0.00 GA0.98 ST:0 MOD:E GPS:0,0 C:0
T132000 AX+0.005 AY+0.166 AZ+0.958 GX+2.80 GY-1.68 GZ-3.36 P1007.69 RH0.3 KH0.3 VZ+0.00 GA0.97 ST:0 MOD:E GPS:0,0 C:0
T132500 AX+0.004 AY+0.163 AZ+0.966 GX+2.73 GY-1.61 GZ-3.36 P1007.70 RH0.2 KH0.2 VZ+0.00 GA0.98 ST:0 MOD:E GPS:0,0 C:0
T133000 AX+0.012 AY+0.167 AZ+0.967 GX+2.80 GY-1.47 GZ-3.29 P1007.71 RH0.1 KH0.1 VZ+0.00 GA0.98 ST:0 MOD:E GPS:0,0 C:0
T133500 AX+0.051 AY+0.125 AZ+0.995 GX-9.73 GY-19.46 GZ+4.97 P1007.71 RH0.1 KH0.1 VZ+0.00 GA1.00 ST:0 MOD:E GPS:0,0 C:0
T134000 AX-0.425 AY+0.118 AZ+0.733 GX-32.27 GY+148.47 GZ-50.05 P1007.68 RH0.3 KH0.3 VZ+0.00 GA0.86 ST:0 MOD:E GPS:0,0 C:0
T134500 AX-0.953 AY-0.037 AZ+0.340 GX+0.35 GY+40.04 GZ-15.33 P1007.68 RH0.4 KH0.4 VZ+0.00 GA1.01 ST:0 MOD:E GPS:0,0 C:0
T135000 AX-0.932 AY-0.002 AZ+0.127 GX+10.99 GY+6.23 GZ+2.73 P1007.69 RH0.3 KH0.3 VZ+0.00 GA0.94 ST:0 MOD:E GPS:0,0 C:0
T135500 AX-0.943 AY-0.037 AZ+0.030 GX+1.12 GY+10.71 GZ-8.82 P1007.67 RH0.4 KH0.4 VZ+0.00 GA0.94 ST:0 MOD:E GPS:0,0 C:0
T136000 AX-0.955 AY-0.030 AZ+0.010 GX+0.42 GY-5.46 GZ+3.99 P1007.70 RH0.2 KH0.2 VZ+0.00 GA0.96 ST:0 MOD:E GPS:0,0 C:0
T136500 AX-0.983 AY-0.010 AZ+0.033 GX+2.59 GY+2.52 GZ-3.29 P1007.66 RH0.5 KH0.5 VZ+0.00 GA0.98 ST:0 MOD:E GPS:0,0 C:0
T137000 AX-0.967 AY-0.011 AZ+0.007 GX+2.45 GY+1.54 GZ-3.43 P1007.67 RH0.4 KH0.4 VZ+0.00 GA0.97 ST:0 MOD:E GPS:0,0 C:0
T137500 AX-0.961 AY-0.010 AZ+0.041 GX+2.31 GY-3.29 GZ-3.22 P1007.68 RH0.3 KH0.3 VZ+0.00 GA0.96 ST:0 MOD:E GPS:0,0 C:0
T138000 AX-0.967 AY-0.010 AZ+0.059 GX+2.73 GY-3.71 GZ-3.29 P1007.68 RH0.3 KH0.3 VZ+0.00 GA0.97 ST:0 MOD:E GPS:0,0 C:0
T138500 AX-0.958 AY-0.052 AZ-0.046 GX+2.52 GY-53.97 GZ+6.30 P1007.68 RH0.3 KH0.3 VZ+0.00 GA0.96 ST:0 MOD:E GPS:0,0 C:0
T139000 AX-0.476 AY+0.277 AZ+1.127 GX-8.12 GY-28.91 GZ+28.00 P1007.72 RH0.0 KH0.0 VZ+0.00 GA1.25 ST:0 MOD:E GPS:0,0 C:0
T139500 AX-0.965 AY+0.068 AZ+0.144 GX+5.11 GY+32.62 GZ-6.93 P1007.69 RH0.3 KH0.3 VZ+0.00 GA0.98 ST:0 MOD:E GPS:0,0 C:0
T140000 AX-0.960 AY-0.026 AZ+0.211 GX-3.08 GY-13.65 GZ-2.87 P1007.70 RH0.2 KH0.2 VZ+0.00 GA0.98 ST:0 MOD:E GPS:0,0 C:0
T140500 AX-0.981 AY-0.046 AZ+0.080 GX+12.88 GY-14.28 GZ-4.41 P1007.70 RH0.1 KH0.1 VZ+0.00 GA0.99 ST:0 MOD:E GPS:0,0 C:0
T141000 AX-0.976 AY-0.008 AZ-0.094 GX+2.94 GY+16.66 GZ-4.06 P1007.70 RH0.1 KH0.1 VZ+0.00 GA0.98 ST:0 MOD:E GPS:0,0 C:0
T141500 AX-0.969 AY-0.011 AZ-0.083 GX+2.94 GY+24.57 GZ-4.20 P1007.70 RH0.1 KH0.1 VZ+0.00 GA0.97 ST:0 MOD:E GPS:0,0 C:0
T142000 AX-0.967 AY-0.014 AZ-0.012 GX+2.45 GY-5.39 GZ-3.29 P1007.69 RH0.3 KH0.3 VZ+0.00 GA0.97 ST:0 MOD:E GPS:0,0 C:0
T143000 AX-0.960 AY-0.018 AZ+0.006 GX+2.73 GY-0.49 GZ-3.29 P1007.69 RH0.3 KH0.3 VZ+0.00 GA0.96 ST:0 MOD:E GPS:0,0 C:0
MSG SUCCESS RECAL ref_press=1007.70 hPa (n=8)
T144091 AX-0.965 AY-0.016 AZ+0.011 GX+3.01 GY-1.61 GZ-3.29 P1007.70 RH0.1 KH0.1 VZ+0.00 GA0.97 ST:0 MOD:E GPS:0,0 C:0
MSG SUCCESS RECAL ref_press=1007.69 hPa (n=8)
T144591 AX-0.970 AY-0.013 AZ-0.002 GX+2.80 GY-2.10 GZ-3.36 P1007.69 RH0.0 KH0.0 VZ+0.00 GA0.97 ST:0 MOD:E GPS:0,0 C:0
T145091 AX-0.971 AY-0.013 AZ+0.003 GX+2.80 GY-1.54 GZ-3.29 P1007.69 RH0.1 KH0.1 VZ+0.00 GA0.97 ST:0 MOD:E GPS:0,0 C:0
T145591 AX-0.972 AY-0.012 AZ+0.004 GX+2.80 GY-1.47 GZ-3.36 P1007.69 RH0.1 KH0.1 VZ+0.00 GA0.97 ST:0 MOD:E GPS:0,0 C:0
T146091 AX-0.968 AY-0.014 AZ+0.008 GX+2.73 GY-1.54 GZ-3.36 P1007.69 RH0.1 KH0.1 VZ+0.00 GA0.97 ST:0 MOD:E GPS:0,0 C:0
T146591 AX-0.969 AY-0.012 AZ+0.057 GX+2.73 GY-7.28 GZ-3.15 P1007.68 RH0.1 KH0.1 VZ+0.00 GA0.97 ST:0 MOD:E GPS:0,0 C:0
T147091 AX-0.966 AY-0.011 AZ+0.018 GX+2.87 GY-9.73 GZ-3.15 P1007.69 RH0.0 KH0.0 VZ+0.00 GA0.97 ST:0 MOD:E GPS:0,0 C:0
T147591 AX-0.966 AY-0.014 AZ+0.007 GX+2.87 GY-0.63 GZ-3.36 P1007.69 RH0.1 KH0.1 VZ+0.00 GA0.97 ST:0 MOD:E GPS:0,0 C:0
T148091 AX-0.993 AY-0.012 AZ+0.009 GX+2.73 GY-0.77 GZ-3.36 P1007.69 RH0.1 KH0.1 VZ+0.00 GA0.99 ST:0 MOD:E GPS:0,0 C:0
T148591 AX-0.966 AY-0.015 AZ+0.010 GX+2.94 GY-2.24 GZ-3.29 P1007.69 RH0.1 KH0.1 VZ+0.00 GA0.97 ST:0 MOD:E GPS:0,0 C:0
T149091 AX-0.973 AY-0.013 AZ-0.034 GX+2.80 GY-6.23 GZ-3.22 P1007.68 RH0.1 KH0.1 VZ+0.00 GA0.97 ST:0 MOD:E GPS:0,0 C:0
T149591 AX-0.969 AY-0.019 AZ+0.021 GX+2.80 GY+0.00 GZ-3.43 P1007.67 RH0.2 KH0.2 VZ+0.00 GA0.97 ST:0 MOD:E GPS:0,0 C:0
T150091 AX-0.963 AY-0.017 AZ+0.008 GX+2.66 GY-1.19 GZ-3.36 P1007.68 RH0.1 KH0.1 VZ+0.00 GA0.96 ST:0 MOD:E GPS:0,0 C:0
T150591 AX-0.987 AY-0.017 AZ-0.030 GX+2.87 GY+1.68 GZ-3.50 P1007.69 RH0.0 KH0.0 VZ+0.00 GA0.99 ST:0 MOD:E GPS:0,0 C:0
T151091 AX-0.970 AY-0.013 AZ-0.007 GX+2.80 GY-2.45 GZ-3.22 P1007.68 RH0.1 KH0.1 VZ+0.00 GA0.97 ST:0 MOD:E GPS:0,0 C:0
T151591 AX-0.976 AY-0.011 AZ-0.018 GX+2.80 GY-0.77 GZ-3.36 P1007.71 RH-0.1 KH-0.1 VZ+0.00 GA0.98 ST:0 MOD:E GPS:0,0 C:0
T152091 AX-0.971 AY-0.015 AZ+0.007 GX+2.80 GY-4.62 GZ-3.15 P1007.68 RH0.1 KH0.1 VZ+0.00 GA0.97 ST:0 MOD:E GPS:0,0 C:0
T153091 AX-0.968 AY-0.011 AZ+0.005 GX+2.73 GY-1.19 GZ-3.29 P1007.68 RH0.1 KH0.1 VZ+0.00 GA0.97 ST:0 MOD:E GPS:0,0 C:0
T153591 AX-0.978 AY-0.012 AZ-0.021 GX+3.08 GY+0.70 GZ-3.36 P1007.68 RH0.1 KH0.1 VZ+0.00 GA0.98 ST:0 MOD:E GPS:0,0 C:0
MSG SUCCESS RECAL ref_press=1007.67 hPa (n=8)
T154591 AX-0.973 AY-0.011 AZ-0.003 GX+2.94 GY-1.68 GZ-3.29 P1007.66 RH0.1 KH0.1 VZ+0.00 GA0.97 ST:0 MOD:E GPS:0,0 C:0
MSG SUCCESS RECAL ref_press=1007.68 hPa (n=8)
T155699 AX-0.905 AY-0.037 AZ-0.063 GX+3.01 GY-1.61 GZ-3.43 P1007.67 RH0.0 KH0.0 VZ+0.00 GA0.91 ST:0 MOD:E GPS:0,0 C:0
T156199 AX-0.966 AY-0.015 AZ-0.024 GX+2.80 GY-1.33 GZ-3.29 P1007.66 RH0.1 KH0.1 VZ+0.00 GA0.97 ST:0 MOD:E GPS:0,0 C:0
MSG SUCCESS RECAL ref_press=1007.68 hPa (n=8)
T157209 AX-0.977 AY-0.015 AZ-0.017 GX+2.87 GY-2.38 GZ-3.22 P1007.67 RH0.0 KH0.0 VZ+0.00 GA0.98 ST:0 MOD:E GPS:0,0 C:0
MSG SUCCESS RECAL ref_press=1007.67 hPa (n=8)
T158209 AX-0.982 AY-0.028 AZ-0.021 GX+2.87 GY-2.31 GZ-3.29 P1007.67 RH0.0 KH0.0 VZ+0.00 GA0.98 ST:0 MOD:E GPS:0,0 C:0
MSG SUCCESS RECAL ref_press=1007.67 hPa (n=8)
T159328 AX-0.976 AY-0.012 AZ-0.027 GX+2.80 GY-0.49 GZ-3.36 P1007.68 RH-0.0 KH-0.0 VZ+0.00 GA0.98 ST:0 MOD:E GPS:0,0 C:0
T159828 AX-0.977 AY-0.012 AZ-0.019 GX+2.94 GY-3.43 GZ-3.22 P1007.67 RH0.1 KH0.1 VZ+0.00 GA0.98 ST:0 MOD:E GPS:0,0 C:0
T160328 AX-0.973 AY-0.008 AZ-0.022 GX+2.80 GY-2.45 GZ-3.36 P1007.67 RH0.0 KH0.0 VZ+0.00 GA0.97 ST:0 MOD:E GPS:0,0 C:0
T160828 AX-0.972 AY-0.013 AZ-0.023 GX+2.73 GY-1.26 GZ-3.22 P1007.67 RH0.0 KH0.0 VZ+0.00 GA0.97 ST:0 MOD:E GPS:0,0 C:0
T161328 AX-0.966 AY-0.010 AZ-0.018 GX+2.80 GY-1.75 GZ-3.29 P1007.67 RH0.1 KH0.1 VZ+0.00 GA0.97 ST:0 MOD:E GPS:0,0 C:0
T161828 AX-0.973 AY-0.018 AZ-0.012 GX+2.94 GY-2.24 GZ-3.29 P1007.68 RH-0.0 KH-0.0 VZ+0.00 GA0.97 ST:0 MOD:E GPS:0,0 C:0
T162328 AX-0.979 AY-0.008 AZ-0.026 GX+2.80 GY-0.07 GZ-3.43 P1007.67 RH0.0 KH0.0 VZ+0.00 GA0.98 ST:0 MOD:E GPS:0,0 C:0
T162828 AX-0.979 AY-0.015 AZ-0.019 GX+2.80 GY-1.68 GZ-3.22 P1007.67 RH0.0 KH0.0 VZ+0.00 GA0.98 ST:0 MOD:E GPS:0,0 C:0
T163328 AX-0.967 AY-0.011 AZ-0.031 GX+2.66 GY-0.77 GZ-3.36 P1007.67 RH0.1 KH0.1 VZ+0.00 GA0.97 ST:0 MOD:E GPS:0,0 C:0
T163828 AX-0.976 AY-0.013 AZ-0.021 GX+2.94 GY-3.71 GZ-3.22 P1007.67 RH0.0 KH0.0 VZ+0.00 GA0.98 ST:0 MOD:E GPS:0,0 C:0
T164328 AX-0.971 AY-0.011 AZ-0.027 GX+2.73 GY-0.35 GZ-3.36 P1007.68 RH-0.1 KH-0.1 VZ+0.00 GA0.97 ST:0 MOD:E GPS:0,0 C:0
T164828 AX-0.970 AY-0.016 AZ-0.015 GX+2.87 GY-2.17 GZ-3.36 P1007.66 RH0.1 KH0.1 VZ+0.00 GA0.97 ST:0 MOD:E GPS:0,0 C:0
T165328 AX-0.974 AY-0.017 AZ-0.021 GX+2.80 GY-1.61 GZ-3.29 P1007.66 RH0.1 KH0.1 VZ+0.00 GA0.97 ST:0 MOD:E GPS:0,0 C:0
T165828 AX-0.977 AY-0.012 AZ-0.020 GX+2.80 GY-1.19 GZ-3.36 P1007.67 RH0.1 KH0.1 VZ+0.00 GA0.98 ST:0 MOD:E GPS:0,0 C:0
T166328 AX-0.965 AY-0.015 AZ-0.019 GX+2.52 GY+0.56 GZ-3.43 P1007.65 RH0.2 KH0.2 VZ+0.00 GA0.97 ST:0 MOD:E GPS:0,0 C:0
T166828 AX-0.969 AY-0.014 AZ-0.023 GX+2.73 GY-0.77 GZ-3.29 P1007.67 RH0.1 KH0.1 VZ+0.00 GA0.97 ST:0 MOD:E GPS:0,0 C:0
T167328 AX-0.970 AY-0.014 AZ-0.013 GX+2.87 GY-2.38 GZ-3.22 P1007.67 RH0.1 KH0.1 VZ+0.00 GA0.97 ST:0 MOD:E GPS:0,0 C:0
T167828 AX-0.966 AY-0.013 AZ-0.038 GX+2.87 GY-0.14 GZ-3.36 P1007.66 RH0.2 KH0.2 VZ+0.00 GA0.97 ST:0 MOD:E GPS:0,0 C:0
T168328 AX-0.971 AY-0.013 AZ-0.029 GX+2.80 GY-1.82 GZ-3.36 P1007.68 RH-0.1 KH-0.1 VZ+0.00 GA0.97 ST:0 MOD:E GPS:0,0 C:0
T168828 AX-0.969 AY-0.022 AZ-0.027 GX+2.80 GY-2.52 GZ-3.22 P1007.65 RH0.2 KH0.2 VZ+0.00 GA0.97 ST:0 MOD:E GPS:0,0 C:0
T169328 AX-0.974 AY-0.014 AZ-0.034 GX+2.80 GY-1.05 GZ-3.36 P1007.67 RH0.1 KH0.1 VZ+0.00 GA0.97 ST:0 MOD:E GPS:0,0 C:0
T169828 AX-0.967 AY-0.011 AZ-0.033 GX+2.73 GY-1.33 GZ-3.22 P1007.66 RH0.2 KH0.2 VZ+0.00 GA0.97 ST:0 MOD:E GPS:0,0 C:0
T170328 AX-0.971 AY-0.013 AZ-0.027 GX+2.80 GY-1.33 GZ-3.36 P1007.64 RH0.3 KH0.3 VZ+0.00 GA0.97 ST:0 MOD:E GPS:0,0 C:0
T170828 AX-0.969 AY-0.013 AZ-0.018 GX+2.80 GY-2.45 GZ-3.22 P1007.64 RH0.3 KH0.3 VZ+0.00 GA0.97 ST:0 MOD:E GPS:0,0 C:0
T171328 AX-0.965 AY-0.013 AZ-0.025 GX+2.80 GY-0.49 GZ-3.36 P1007.66 RH0.2 KH0.2 VZ+0.00 GA0.97 ST:0 MOD:E GPS:0,0 C:0
T171828 AX-0.976 AY-0.011 AZ-0.016 GX+2.73 GY-1.61 GZ-3.36 P1007.66 RH0.1 KH0.1 VZ+0.00 GA0.98 ST:0 MOD:E GPS:0,0 C:0
T172328 AX-0.967 AY-0.018 AZ-0.015 GX+2.80 GY-2.31 GZ-3.36 P1007.66 RH0.1 KH0.1 VZ+0.00 GA0.97 ST:0 MOD:E GPS:0,0 C:0
T172828 AX-0.962 AY-0.014 AZ-0.033 GX+2.66 GY-0.70 GZ-3.36 P1007.65 RH0.2 KH0.2 VZ+0.00 GA0.96 ST:0 MOD:E GPS:0,0 C:0
T173328 AX-0.974 AY-0.007 AZ-0.037 GX+2.87 GY-3.57 GZ-3.22 P1007.68 RH-0.0 KH-0.0 VZ+0.00 GA0.97 ST:0 MOD:E GPS:0,0 C:0
T173828 AX-0.980 AY-0.018 AZ-0.031 GX+2.87 GY-1.96 GZ-3.43 P1007.68 RH-0.0 KH-0.0 VZ+0.00 GA0.98 ST:0 MOD:E GPS:0,0 C:0
T174328 AX-0.983 AY-0.003 AZ-0.028 GX+2.80 GY-1.05 GZ-3.50 P1007.69 RH-0.1 KH-0.1 VZ+0.00 GA0.98 ST:0 MOD:E GPS:0,0 C:0
T174828 AX-0.977 AY-0.012 AZ-0.027 GX+2.94 GY-2.24 GZ-3.36 P1007.69 RH-0.1 KH-0.1 VZ+0.00 GA0.98 ST:0 MOD:E GPS:0,0 C:0
T175328 AX-0.973 AY-0.020 AZ-0.024 GX+2.66 GY+1.54 GZ-3.57 P1007.68 RH-0.1 KH-0.1 VZ+0.00 GA0.97 ST:0 MOD:E GPS:0,0 C:0
T175828 AX-0.975 AY-0.015 AZ-0.027 GX+2.94 GY-2.24 GZ-3.36 P1007.67 RH0.0 KH0.0 VZ+0.00 GA0.98 ST:0 MOD:E GPS:0,0 C:0
T176328 AX-0.968 AY-0.014 AZ-0.035 GX+2.80 GY-1.26 GZ-3.43 P1007.68 RH-0.0 KH-0.0 VZ+0.00 GA0.97 ST:0 MOD:E GPS:0,0 C:0
T176828 AX-0.975 AY-0.016 AZ-0.038 GX+2.80 GY-1.12 GZ-3.50 P1007.71 RH-0.3 KH-0.3 VZ+0.00 GA0.98 ST:0 MOD:E GPS:0,0 C:0
T177328 AX-0.971 AY-0.017 AZ-0.037 GX+2.66 GY-0.84 GZ-3.43 P1007.74 RH-0.5 KH-0.5 VZ+0.00 GA0.97 ST:0 MOD:E GPS:0,0 C:0
T177828 AX-0.978 AY-0.012 AZ-0.031 GX+2.73 GY-1.54 GZ-3.36 P1007.68 RH-0.0 KH-0.0 VZ+0.00 GA0.98 ST:0 MOD:E GPS:0,0 C:0
T178328 AX-0.977 AY-0.015 AZ-0.042 GX+2.73 GY-1.47 GZ-3.36 P1007.67 RH0.1 KH0.1 VZ+0.00 GA0.98 ST:0 MOD:E GPS:0,0 C:0
T178828 AX-0.971 AY-0.017 AZ-0.033 GX+2.87 GY-2.17 GZ-3.36 P1007.64 RH0.3 KH0.3 VZ+0.00 GA0.97 ST:0 MOD:E GPS:0,0 C:0
T179328 AX-0.970 AY-0.017 AZ-0.034 GX+2.73 GY-0.28 GZ-3.43 P1007.67 RH0.0 KH0.0 VZ+0.00 GA0.97 ST:0 MOD:E GPS:0,0 C:0
T179828 AX-0.975 AY-0.013 AZ-0.040 GX+2.80 GY-1.54 GZ-3.36 P1007.67 RH0.1 KH0.1 VZ+0.00 GA0.98 ST:0 MOD:E GPS:0,0 C:0
T180328 AX-0.962 AY-0.022 AZ-0.019 GX+2.73 GY-1.75 GZ-3.29 P1007.68 RH-0.0 KH-0.0 VZ+0.00 GA0.96 ST:0 MOD:E GPS:0,0 C:0
T180828 AX-0.984 AY-0.013 AZ-0.026 GX+2.80 GY-1.96 GZ-3.29 P1007.67 RH0.0 KH0.0 VZ+0.00 GA0.98 ST:0 MOD:E GPS:0,0 C:0
T181328 AX-0.975 AY-0.019 AZ-0.026 GX+2.80 GY-1.33 GZ-3.36 P1007.67 RH0.1 KH0.1 VZ+0.00 GA0.98 ST:0 MOD:E GPS:0,0 C:0
T181828 AX-0.973 AY-0.017 AZ-0.030 GX+2.87 GY-1.33 GZ-3.36 P1007.65 RH0.2 KH0.2 VZ+0.00 GA0.97 ST:0 MOD:E GPS:0,0 C:0
T182328 AX-0.973 AY-0.013 AZ-0.032 GX+2.80 GY-2.03 GZ-3.36 P1007.66 RH0.1 KH0.1 VZ+0.00 GA0.97 ST:0 MOD:E GPS:0,0 C:0
T182828 AX-0.976 AY-0.009 AZ-0.040 GX+2.87 GY-1.68 GZ-3.36 P1007.66 RH0.1 KH0.1 VZ+0.00 GA0.98 ST:0 MOD:E GPS:0,0 C:0
T183328 AX-0.964 AY-0.018 AZ-0.032 GX+2.80 GY-1.19 GZ-3.36 P1007.66 RH0.1 KH0.1 VZ+0.00 GA0.97 ST:0 MOD:E GPS:0,0 C:0
T183828 AX-0.970 AY-0.012 AZ-0.041 GX+2.59 GY-0.70 GZ-3.43 P1007.68 RH-0.0 KH-0.0 VZ+0.00 GA0.97 ST:0 MOD:E GPS:0,0 C:0
T184328 AX-0.967 AY-0.015 AZ-0.033 GX+2.87 GY-1.54 GZ-3.29 P1007.67 RH0.0 KH0.0 VZ+0.00 GA0.97 ST:0 MOD:E GPS:0,0 C:0
T184828 AX-0.968 AY-0.011 AZ-0.032 GX+2.80 GY-1.96 GZ-3.36 P1007.67 RH0.0 KH0.0 VZ+0.00 GA0.97 ST:0 MOD:E GPS:0,0 C:0
T185328 AX-0.968 AY-0.017 AZ-0.032 GX+2.87 GY-2.24 GZ-3.29 P1007.67 RH0.1 KH0.1 VZ+0.00 GA0.97 ST:0 MOD:E GPS:0,0 C:0
T185828 AX-0.974 AY-0.014 AZ-0.030 GX+2.87 GY-1.33 GZ-3.29 P1007.66 RH0.1 KH0.1 VZ+0.00 GA0.97 ST:0 MOD:E GPS:0,0 C:0
T186328 AX-0.968 AY-0.019 AZ-0.036 GX+2.73 GY-1.12 GZ-3.36 P1007.67 RH0.1 KH0.1 VZ+0.00 GA0.97 ST:0 MOD:E GPS:0,0 C:0
T186828 AX-0.972 AY-0.013 AZ-0.035 GX+2.73 GY-1.26 GZ-3.43 P1007.68 RH-0.0 KH-0.0 VZ+0.00 GA0.97 ST:0 MOD:E GPS:0,0 C:0
T187328 AX-0.979 AY-0.011 AZ-0.034 GX+2.87 GY-4.97 GZ-3.22 P1007.65 RH0.2 KH0.2 VZ+0.00 GA0.98 ST:0 MOD:E GPS:0,0 C:0
T187828 AX-0.974 AY-0.012 AZ-0.025 GX+2.80 GY-0.42 GZ-3.36 P1007.66 RH0.1 KH0.1 VZ+0.00 GA0.97 ST:0 MOD:E GPS:0,0 C:0
T188328 AX-0.977 AY-0.010 AZ-0.041 GX+2.52 GY-2.03 GZ-3.36 P1007.67 RH0.0 KH0.0 VZ+0.00 GA0.98 ST:0 MOD:E GPS:0,0 C:0
T188828 AX-0.975 AY-0.023 AZ-0.004 GX+2.66 GY-4.48 GZ-3.29 P1007.66 RH0.1 KH0.1 VZ+0.00 GA0.97 ST:0 MOD:E GPS:0,0 C:0
T189328 AX-0.970 AY-0.009 AZ-0.024 GX+2.73 GY-0.98 GZ-3.57 P1007.65 RH0.2 KH0.2 VZ+0.00 GA0.97 ST:0 MOD:E GPS:0,0 C:0
T189828 AX-0.979 AY-0.010 AZ-0.037 GX+2.59 GY+0.56 GZ-3.57 P1007.67 RH0.1 KH0.1 VZ+0.00 GA0.98 ST:0 MOD:E GPS:0,0 C:0
T190328 AX-0.966 AY-0.010 AZ-0.052 GX+2.73 GY-1.40 GZ-3.43 P1007.65 RH0.2 KH0.2 VZ+0.00 GA0.97 ST:0 MOD:E GPS:0,0 C:0
T190828 AX-0.975 AY-0.014 AZ-0.045 GX+2.73 GY-1.19 GZ-3.50 P1007.66 RH0.1 KH0.1 VZ+0.00 GA0.98 ST:0 MOD:E GPS:0,0 C:0
T191328 AX-0.971 AY-0.014 AZ-0.033 GX+2.73 GY-0.77 GZ-3.50 P1007.65 RH0.2 KH0.2 VZ+0.00 GA0.97 ST:0 MOD:E GPS:0,0 C:0
T191828 AX-0.976 AY-0.021 AZ-0.025 GX+3.01 GY-5.53 GZ-3.29 P1007.66 RH0.2 KH0.2 VZ+0.00 GA0.98 ST:0 MOD:E GPS:0,0 C:0
T192328 AX-0.975 AY-0.010 AZ-0.043 GX+2.94 GY-0.91 GZ-3.43 P1007.66 RH0.1 KH0.1 VZ+0.00 GA0.98 ST:0 MOD:E GPS:0,0 C:0
T192828 AX-0.966 AY-0.014 AZ-0.032 GX+2.73 GY-1.47 GZ-3.36 P1007.66 RH0.2 KH0.2 VZ+0.00 GA0.97 ST:0 MOD:E GPS:0,0 C:0
T193328 AX-0.962 AY-0.012 AZ-0.034 GX+2.87 GY-1.82 GZ-3.36 P1007.66 RH0.2 KH0.2 VZ+0.00 GA0.96 ST:0 MOD:E GPS:0,0 C:0
T193828 AX-0.973 AY-0.022 AZ-0.023 GX+2.38 GY+0.42 GZ-3.50 P1007.65 RH0.2 KH0.2 VZ+0.00 GA0.97 ST:0 MOD:E GPS:0,0 C:0
T194328 AX-0.970 AY-0.015 AZ-0.047 GX+2.59 GY-2.03 GZ-3.50 P1007.66 RH0.1 KH0.1 VZ+0.00 GA0.97 ST:0 MOD:E GPS:0,0 C:0
T194828 AX-0.967 AY-0.014 AZ-0.043 GX+2.66 GY+1.40 GZ-3.43 P1007.66 RH0.1 KH0.1 VZ+0.00 GA0.97 ST:0 MOD:E GPS:0,0 C:0
T195328 AX-0.979 AY-0.012 AZ-0.033 GX+2.80 GY-0.28 GZ-3.43 P1007.67 RH0.1 KH0.1 VZ+0.00 GA0.98 ST:0 MOD:E GPS:0,0 C:0
T195828 AX-0.968 AY-0.014 AZ-0.039 GX+2.73 GY+0.14 GZ-3.43 P1007.66 RH0.1 KH0.1 VZ+0.00 GA0.97 ST:0 MOD:E GPS:0,0 C:0
T196328 AX-0.975 AY-0.016 AZ-0.041 GX+2.87 GY-2.10 GZ-3.29 P1007.64 RH0.3 KH0.3 VZ+0.00 GA0.98 ST:0 MOD:E GPS:0,0 C:0
T196828 AX-0.966 AY-0.019 AZ-0.020 GX+2.03 GY-4.97 GZ-3.22 P1007.65 RH0.2 KH0.2 VZ+0.00 GA0.97 ST:0 MOD:E GPS:0,0 C:0
T197328 AX-0.974 AY-0.011 AZ-0.023 GX+2.59 GY-1.47 GZ-3.43 P1007.68 RH-0.0 KH-0.0 VZ+0.00 GA0.97 ST:0 MOD:E GPS:0,0 C:0
T197828 AX-0.975 AY-0.011 AZ-0.037 GX+2.94 GY-2.38 GZ-3.43 P1007.66 RH0.1 KH0.1 VZ+0.00 GA0.98 ST:0 MOD:E GPS:0,0 C:0
T198328 AX-0.984 AY-0.015 AZ-0.036 GX+2.66 GY-0.56 GZ-3.50 P1007.66 RH0.2 KH0.2 VZ+0.00 GA0.99 ST:0 MOD:E GPS:0,0 C:0
T198828 AX-0.966 AY-0.014 AZ-0.025 GX+2.73 GY-5.60 GZ-3.22 P1007.65 RH0.2 KH0.2 VZ+0.00 GA0.97 ST:0 MOD:E GPS:0,0 C:0
T199328 AX-0.973 AY-0.020 AZ-0.012 GX+2.66 GY-2.52 GZ-3.29 P1007.64 RH0.3 KH0.3 VZ+0.00 GA0.97 ST:0 MOD:E GPS:0,0 C:0
T199828 AX-0.976 AY-0.014 AZ-0.040 GX+2.94 GY-0.84 GZ-3.43 P1007.63 RH0.4 KH0.4 VZ+0.00 GA0.98 ST:0 MOD:E GPS:0,0 C:0
T200328 AX-0.974 AY-0.011 AZ-0.067 GX+2.24 GY+7.21 GZ-3.78 P1007.65 RH0.2 KH0.2 VZ+0.00 GA0.98 ST:0 MOD:E GPS:0,0 C:0
T200828 AX-0.970 AY-0.015 AZ-0.038 GX+2.94 GY-2.03 GZ-3.36 P1007.67 RH0.1 KH0.1 VZ+0.00 GA0.97 ST:0 MOD:E GPS:0,0 C:0
T201328 AX-0.972 AY-0.014 AZ-0.040 GX+2.87 GY-2.94 GZ-3.36 P1007.66 RH0.2 KH0.2 VZ+0.00 GA0.97 ST:0 MOD:E GPS:0,0 C:0
T201828 AX-0.976 AY-0.013 AZ-0.051 GX+3.01 GY-3.71 GZ-3.29 P1007.67 RH0.1 KH0.1 VZ+0.00 GA0.98 ST:0 MOD:E GPS:0,0 C:0
T202328 AX-0.973 AY-0.014 AZ-0.010 GX+2.24 GY-2.24 GZ-3.36 P1007.66 RH0.1 KH0.1 VZ+0.00 GA0.97 ST:0 MOD:E GPS:0,0 C:0
T202828 AX-0.971 AY-0.015 AZ-0.047 GX+2.52 GY-1.19 GZ-3.50 P1007.66 RH0.1 KH0.1 VZ+0.00 GA0.97 ST:0 MOD:E GPS:0,0 C:0
T203328 AX-0.970 AY-0.017 AZ-0.040 GX+2.87 GY-1.40 GZ-3.36 P1007.65 RH0.2 KH0.2 VZ+0.00 GA0.97 ST:0 MOD:E GPS:0,0 C:0
T203828 AX-0.971 AY-0.016 AZ-0.023 GX+2.94 GY-8.61 GZ-3.15 P1007.66 RH0.2 KH0.2 VZ+0.00 GA0.97 ST:0 MOD:E GPS:0,0 C:0
T204328 AX-0.973 AY-0.012 AZ+0.014 GX+2.59 GY-15.19 GZ-2.94 P1007.65 RH0.2 KH0.2 VZ+0.00 GA0.97 ST:0 MOD:E GPS:0,0 C:0
T204828 AX-0.966 AY-0.015 AZ+0.017 GX+2.24 GY+5.11 GZ-3.71 P1007.66 RH0.1 KH0.1 VZ+0.00 GA0.97 ST:0 MOD:E GPS:0,0 C:0
T205328 AX-0.976 AY-0.011 AZ-0.031 GX+2.66 GY-3.78 GZ-3.36 P1007.65 RH0.2 KH0.2 VZ+0.00 GA0.98 ST:0 MOD:E GPS:0,0 C:0
T205828 AX-0.965 AY-0.017 AZ+0.044 GX+3.08 GY-1.40 GZ-3.43 P1007.65 RH0.2 KH0.2 VZ+0.00 GA0.97 ST:0 MOD:E GPS:0,0 C:0
T206328 AX-0.966 AY-0.015 AZ+0.004 GX+2.73 GY-1.33 GZ-3.36 P1007.66 RH0.1 KH0.1 VZ+0.00 GA0.97 ST:0 MOD:E GPS:0,0 C:0
T206828 AX-0.977 AY-0.007 AZ+0.000 GX+2.59 GY+0.49 GZ-3.50 P1007.65 RH0.2 KH0.2 VZ+0.00 GA0.98 ST:0 MOD:E GPS:0,0 C:0
T207328 AX-0.969 AY-0.014 AZ-0.012 GX+2.73 GY+1.61 GZ-3.57 P1007.66 RH0.1 KH0.1 VZ+0.00 GA0.97 ST:0 MOD:E GPS:0,0 C:0
T207828 AX-0.975 AY-0.018 AZ+0.003 GX+2.87 GY-4.48 GZ-3.29 P1007.67 RH0.1 KH0.1 VZ+0.00 GA0.97 ST:0 MOD:E GPS:0,0 C:0
T208328 AX-0.971 AY-0.010 AZ-0.015 GX+2.94 GY-6.51 GZ-3.22 P1007.66 RH0.2 KH0.2 VZ+0.00 GA0.97 ST:0 MOD:E GPS:0,0 C:0
T208828 AX-0.973 AY-0.009 AZ-0.008 GX+2.10 GY+19.81 GZ-3.99 P1007.64 RH0.3 KH0.3 VZ+0.00 GA0.97 ST:0 MOD:E GPS:0,0 C:0
T209328 AX-0.961 AY-0.024 AZ-0.003 GX+2.10 GY+0.35 GZ-3.50 P1007.66 RH0.1 KH0.1 VZ+0.00 GA0.96 ST:0 MOD:E GPS:0,0 C:0
T209828 AX-0.966 AY-0.013 AZ-0.016 GX+2.94 GY+0.56 GZ-3.36 P1007.66 RH0.2 KH0.2 VZ+0.00 GA0.97 ST:0 MOD:E GPS:0,0 C:0
T210328 AX-0.977 AY-0.011 AZ-0.035 GX+2.94 GY-0.49 GZ-3.43 P1007.66 RH0.2 KH0.2 VZ+0.00 GA0.98 ST:0 MOD:E GPS:0,0 C:0
T210828 AX-0.968 AY-0.011 AZ+0.011 GX+2.73 GY-0.77 GZ-3.43 P1007.66 RH0.2 KH0.2 VZ+0.00 GA0.97 ST:0 MOD:E GPS:0,0 C:0
T211328 AX-0.966 AY-0.013 AZ+0.003 GX+3.22 GY-7.70 GZ-3.15 P1007.66 RH0.2 KH0.2 VZ+0.00 GA0.97 ST:0 MOD:E GPS:0,0 C:0
T211828 AX-0.967 AY-0.009 AZ+0.035 GX+3.29 GY-4.97 GZ-3.29 P1007.65 RH0.2 KH0.2 VZ+0.00 GA0.97 ST:0 MOD:E GPS:0,0 C:0
T212328 AX-0.976 AY-0.005 AZ+0.011 GX+3.22 GY-2.31 GZ-3.29 P1007.65 RH0.2 KH0.2 VZ+0.00 GA0.98 ST:0 MOD:E GPS:0,0 C:0
T212828 AX-0.980 AY-0.018 AZ+0.040 GX+2.52 GY+0.77 GZ-3.36 P1007.66 RH0.1 KH0.1 VZ+0.00 GA0.98 ST:0 MOD:E GPS:0,0 C:0
T213328 AX-0.963 AY-0.011 AZ+0.014 GX+3.08 GY-4.27 GZ-3.22 P1007.67 RH0.1 KH0.1 VZ+0.00 GA0.96 ST:0 MOD:E GPS:0,0 C:0
T213828 AX-0.970 AY-0.009 AZ+0.023 GX+3.57 GY-8.54 GZ-3.15 P1007.66 RH0.1 KH0.1 VZ+0.00 GA0.97 ST:0 MOD:E GPS:0,0 C:0
T214328 AX-0.979 AY-0.017 AZ-0.048 GX+2.52 GY-0.91 GZ-3.36 P1007.66 RH0.1 KH0.1 VZ+0.00 GA0.98 ST:0 MOD:E GPS:0,0 C:0
T214828 AX-0.971 AY-0.015 AZ+0.011 GX+1.89 GY+2.24 GZ-3.50 P1007.66 RH0.1 KH0.1 VZ+0.00 GA0.97 ST:0 MOD:E GPS:0,0 C:0
T215328 AX-0.975 AY-0.011 AZ-0.023 GX+2.66 GY-1.61 GZ-3.36 P1007.67 RH0.1 KH0.1 VZ+0.00 GA0.98 ST:0 MOD:E GPS:0,0 C:0
T215828 AX-0.971 AY-0.011 AZ-0.005 GX+3.01 GY-2.94 GZ-3.43 P1007.66 RH0.1 KH0.1 VZ+0.00 GA0.97 ST:0 MOD:E GPS:0,0 C:0
T216328 AX-0.956 AY-0.010 AZ-0.039 GX+2.31 GY+3.85 GZ-3.57 P1007.65 RH0.2 KH0.2 VZ+0.00 GA0.96 ST:0 MOD:E GPS:0,0 C:0
T216828 AX-0.967 AY-0.016 AZ-0.021 GX+2.03 GY+7.42 GZ-3.57 P1007.66 RH0.1 KH0.1 VZ+0.00 GA0.97 ST:0 MOD:E GPS:0,0 C:0
T217328 AX-0.959 AY-0.015 AZ-0.004 GX+2.80 GY-1.89 GZ-3.36 P1007.66 RH0.1 KH0.1 VZ+0.00 GA0.96 ST:0 MOD:E GPS:0,0 C:0
T217828 AX-0.975 AY-0.011 AZ-0.006 GX+2.87 GY-2.31 GZ-3.36 P1007.65 RH0.2 KH0.2 VZ+0.00 GA0.98 ST:0 MOD:E GPS:0,0 C:0
T218328 AX-0.973 AY-0.015 AZ-0.005 GX+2.66 GY+0.35 GZ-3.43 P1007.66 RH0.2 KH0.2 VZ+0.00 GA0.97 ST:0 MOD:E GPS:0,0 C:0
T218828 AX-0.967 AY-0.016 AZ+0.011 GX+2.59 GY+0.63 GZ-3.43 P1007.65 RH0.2 KH0.2 VZ+0.00 GA0.97 ST:0 MOD:E GPS:0,0 C:0
T219328 AX-0.967 AY-0.012 AZ-0.005 GX+2.87 GY-5.46 GZ-3.22 P1007.66 RH0.1 KH0.1 VZ+0.00 GA0.97 ST:0 MOD:E GPS:0,0 C:0
T219828 AX-0.967 AY-0.011 AZ+0.000 GX+2.80 GY-2.17 GZ-3.22 P1007.66 RH0.1 KH0.1 VZ+0.00 GA0.97 ST:0 MOD:E GPS:0,0 C:0
T220328 AX-0.969 AY-0.013 AZ+0.005 GX+2.73 GY-1.54 GZ-3.29 P1007.66 RH0.1 KH0.1 VZ+0.00 GA0.97 ST:0 MOD:E GPS:0,0 C:0
T220828 AX-0.973 AY-0.011 AZ-0.007 GX+2.80 GY-1.82 GZ-3.36 P1007.66 RH0.1 KH0.1 VZ+0.00 GA0.97 ST:0 MOD:E GPS:0,0 C:0
T221328 AX-0.972 AY-0.013 AZ-0.007 GX+2.73 GY-1.33 GZ-3.29 P1007.66 RH0.1 KH0.1 VZ+0.00 GA0.97 ST:0 MOD:E GPS:0,0 C:0
T221828 AX-0.976 AY-0.012 AZ-0.008 GX+2.80 GY-1.47 GZ-3.43 P1007.66 RH0.1 KH0.1 VZ+0.00 GA0.98 ST:0 MOD:E GPS:0,0 C:0
T222328 AX-0.970 AY-0.013 AZ-0.019 GX+2.73 GY-1.75 GZ-3.29 P1007.66 RH0.1 KH0.1 VZ+0.00 GA0.97 ST:0 MOD:E GPS:0,0 C:0
T222828 AX-0.968 AY-0.016 AZ-0.001 GX+2.80 GY-1.12 GZ-3.36 P1007.67 RH0.1 KH0.1 VZ+0.00 GA0.97 ST:0 MOD:E GPS:0,0 C:0
T223328 AX-0.966 AY-0.012 AZ+0.000 GX+2.87 GY-2.66 GZ-3.29 P1007.66 RH0.1 KH0.1 VZ+0.00 GA0.97 ST:0 MOD:E GPS:0,0 C:0
T223828 AX-0.970 AY-0.010 AZ-0.005 GX+2.80 GY-2.10 GZ-3.29 P1007.66 RH0.1 KH0.1 VZ+0.00 GA0.97 ST:0 MOD:E GPS:0,0 C:0
T224328 AX-0.967 AY-0.014 AZ-0.001 GX+2.80 GY-1.61 GZ-3.36 P1007.66 RH0.1 KH0.1 VZ+0.00 GA0.97 ST:0 MOD:E GPS:0,0 C:0
T224828 AX-0.975 AY-0.013 AZ+0.000 GX+2.87 GY-1.68 GZ-3.29 P1007.66 RH0.2 KH0.2 VZ+0.00 GA0.98 ST:0 MOD:E GPS:0,0 C:0
T225328 AX-0.963 AY-0.011 AZ+0.004 GX+2.80 GY-1.54 GZ-3.36 P1007.65 RH0.2 KH0.2 VZ+0.00 GA0.96 ST:0 MOD:E GPS:0,0 C:0
T225828 AX-0.971 AY-0.013 AZ-0.014 GX+2.59 GY-0.28 GZ-3.36 P1007.65 RH0.2 KH0.2 VZ+0.00 GA0.97 ST:0 MOD:E GPS:0,0 C:0
T226328 AX-0.968 AY-0.012 AZ+0.021 GX+2.45 GY+1.82 GZ-3.57 P1007.66 RH0.1 KH0.1 VZ+0.00 GA0.97 ST:0 MOD:E GPS:0,0 C:0
T226828 AX-1.000 AY-0.008 AZ+0.005 GX+3.01 GY-3.64 GZ-3.29 P1007.64 RH0.3 KH0.3 VZ+0.00 GA1.00 ST:0 MOD:E GPS:0,0 C:0
T227328 AX-0.977 AY-0.011 AZ-0.002 GX+2.80 GY-0.84 GZ-3.43 P1007.66 RH0.1 KH0.1 VZ+0.00 GA0.98 ST:0 MOD:E GPS:0,0 C:0
T227828 AX-0.975 AY-0.012 AZ-0.023 GX+2.80 GY-3.22 GZ-3.29 P1007.65 RH0.2 KH0.2 VZ+0.00 GA0.98 ST:0 MOD:E GPS:0,0 C:0
T228328 AX-0.963 AY-0.014 AZ+0.009 GX+2.94 GY-2.59 GZ-3.29 P1007.65 RH0.2 KH0.2 VZ+0.00 GA0.96 ST:0 MOD:E GPS:0,0 C:0
T228828 AX-0.965 AY-0.019 AZ+0.013 GX+2.87 GY-2.38 GZ-3.36 P1007.65 RH0.2 KH0.2 VZ+0.00 GA0.97 ST:0 MOD:E GPS:0,0 C:0
T229328 AX-0.976 AY-0.012 AZ+0.010 GX+2.94 GY-1.26 GZ-3.36 P1007.65 RH0.2 KH0.2 VZ+0.00 GA0.98 ST:0 MOD:E GPS:0,0 C:0
T229828 AX-0.977 AY-0.012 AZ+0.031 GX+3.08 GY-4.13 GZ-3.29 P1007.66 RH0.1 KH0.1 VZ+0.00 GA0.98 ST:0 MOD:E GPS:0,0 C:0
T230328 AX-0.966 AY-0.013 AZ+0.005 GX+2.80 GY-1.47 GZ-3.29 P1007.65 RH0.2 KH0.2 VZ+0.00 GA0.97 ST:0 MOD:E GPS:0,0 C:0
MSG SUCCESS RECAL ref_press=1007.65 hPa (n=8)
T231328 AX-0.973 AY-0.011 AZ+0.009 GX+2.80 GY-1.96 GZ-3.29 P1007.65 RH0.0 KH0.0 VZ+0.00 GA0.97 ST:0 MOD:E GPS:0,0 C:0
T231828 AX-0.970 AY-0.015 AZ+0.015 GX+2.73 GY-1.89 GZ-3.36 P1007.65 RH-0.0 KH-0.0 VZ+0.00 GA0.97 ST:0 MOD:E GPS:0,0 C:0
MSG SUCCESS RECAL ref_press=1007.65 hPa (n=8)
T232828 AX-0.969 AY-0.011 AZ+0.013 GX+2.87 GY-1.96 GZ-3.29 P1007.66 RH-0.1 KH-0.1 VZ+0.00 GA0.97 ST:0 MOD:E GPS:0,0 C:0
MSG SUCCESS RECAL ref_press=1007.66 hPa (n=8)
T233943 AX-0.968 AY-0.015 AZ+0.021 GX+2.94 GY-1.61 GZ-3.29 P1007.64 RH0.1 KH0.1 VZ+0.00 GA0.97 ST:0 MOD:E GPS:0,0 C:0
MSG SUCCESS RECAL ref_press=1007.65 hPa (n=8)
T234943 AX-0.974 AY-0.021 AZ+0.022 GX+2.87 GY-1.61 GZ-3.22 P1007.65 RH0.0 KH0.0 VZ+0.00 GA0.97 ST:0 MOD:E GPS:0,0 C:0
MSG SUCCESS RECAL ref_press=1007.65 hPa (n=8)
T236075 AX-0.968 AY-0.016 AZ+0.015 GX+2.87 GY-2.03 GZ-3.36 P1007.65 RH-0.0 KH-0.0 VZ+0.00 GA0.97 ST:0 MOD:E GPS:0,0 C:0
T236575 AX-0.968 AY-0.013 AZ+0.013 GX+2.80 GY-1.68 GZ-3.29 P1007.65 RH0.0 KH0.0 VZ+0.00 GA0.97 ST:0 MOD:E GPS:0,0 C:0
T237075 AX-0.971 AY-0.013 AZ+0.015 GX+2.87 GY-2.31 GZ-3.29 P1007.64 RH0.1 KH0.1 VZ+0.00 GA0.97 ST:0 MOD:E GPS:0,0 C:0
T237575 AX-0.967 AY-0.011 AZ+0.005 GX+2.87 GY-2.38 GZ-3.29 P1007.64 RH0.1 KH0.1 VZ+0.00 GA0.97 ST:0 MOD:E GPS:0,0 C:0
T238075 AX-0.968 AY-0.011 AZ+0.004 GX+2.80 GY-1.47 GZ-3.29 P1007.65 RH-0.0 KH-0.0 VZ+0.00 GA0.97 ST:0 MOD:E GPS:0,0 C:0
T238575 AX-0.973 AY-0.013 AZ+0.018 GX+2.80 GY-1.54 GZ-3.29 P1007.66 RH-0.0 KH-0.0 VZ+0.00 GA0.97 ST:0 MOD:E GPS:0,0 C:0
T239075 AX-0.972 AY-0.010 AZ+0.009 GX+2.73 GY-1.54 GZ-3.36 P1007.65 RH0.1 KH0.1 VZ+0.00 GA0.97 ST:0 MOD:E GPS:0,0 C:0
T239575 AX-0.972 AY-0.011 AZ+0.012 GX+2.87 GY-2.03 GZ-3.29 P1007.65 RH0.1 KH0.1 VZ+0.00 GA0.97 ST:0 MOD:E GPS:0,0 C:0
T240075 AX-0.967 AY-0.005 AZ+0.005 GX+2.80 GY-1.26 GZ-3.36 P1007.65 RH0.0 KH0.0 VZ+0.00 GA0.97 ST:0 MOD:E GPS:0,0 C:0
T240575 AX-0.976 AY-0.011 AZ+0.011 GX+2.87 GY-1.33 GZ-3.36 P1007.64 RH0.1 KH0.1 VZ+0.00 GA0.98 ST:0 MOD:E GPS:0,0 C:0
T241075 AX-0.970 AY-0.013 AZ+0.011 GX+2.80 GY-1.40 GZ-3.22 P1007.65 RH0.0 KH0.0 VZ+0.00 GA0.97 ST:0 MOD:E GPS:0,0 C:0
T241575 AX-0.960 AY-0.011 AZ+0.017 GX+2.66 GY-1.33 GZ-3.36 P1007.64 RH0.1 KH0.1 VZ+0.00 GA0.96 ST:0 MOD:E GPS:0,0 C:0
T242075 AX-0.979 AY-0.015 AZ+0.015 GX+2.80 GY-1.26 GZ-3.29 P1007.64 RH0.1 KH0.1 VZ+0.00 GA0.98 ST:0 MOD:E GPS:0,0 C:0
T242575 AX-0.972 AY-0.015 AZ+0.021 GX+2.80 GY-1.12 GZ-3.43 P1007.65 RH0.0 KH0.0 VZ+0.00 GA0.97 ST:0 MOD:E GPS:0,0 C:0
T243075 AX-1.002 AY-0.025 AZ+0.025 GX+2.87 GY-2.66 GZ-3.22 P1007.66 RH-0.1 KH-0.1 VZ+0.00 GA1.00 ST:0 MOD:E GPS:0,0 C:0
T243575 AX-0.985 AY-0.013 AZ+0.022 GX+2.73 GY-1.26 GZ-3.43 P1007.65 RH0.1 KH0.1 VZ+0.00 GA0.99 ST:0 MOD:E GPS:0,0 C:0
T244075 AX-0.971 AY-0.014 AZ+0.017 GX+2.73 GY-1.68 GZ-3.43 P1007.65 RH0.0 KH0.0 VZ+0.00 GA0.97 ST:0 MOD:E GPS:0,0 C:0
T244575 AX-0.967 AY-0.018 AZ+0.027 GX+2.80 GY-2.03 GZ-3.36 P1007.64 RH0.1 KH0.1 VZ+0.00 GA0.97 ST:0 MOD:E GPS:0,0 C:0
T245075 AX-0.974 AY-0.016 AZ+0.019 GX+2.87 GY-2.17 GZ-3.29 P1007.65 RH0.0 KH0.0 VZ+0.00 GA0.97 ST:0 MOD:E GPS:0,0 C:0
T245575 AX-0.968 AY-0.010 AZ+0.021 GX+2.80 GY-1.54 GZ-3.29 P1007.64 RH0.1 KH0.1 VZ+0.00 GA0.97 ST:0 MOD:E GPS:0,0 C:0
T246075 AX-0.972 AY-0.014 AZ+0.019 GX+2.94 GY-1.82 GZ-3.29 P1007.64 RH0.2 KH0.2 VZ+0.00 GA0.97 ST:0 MOD:E GPS:0,0 C:0
T246575 AX-0.970 AY-0.014 AZ+0.018 GX+2.73 GY-2.52 GZ-3.29 P1007.63 RH0.2 KH0.2 VZ+0.00 GA0.97 ST:0 MOD:E GPS:0,0 C:0
T247075 AX-0.971 AY-0.008 AZ+0.024 GX+3.01 GY-1.96 GZ-3.36 P1007.64 RH0.1 KH0.1 VZ+0.00 GA0.97 ST:0 MOD:E GPS:0,0 C:0
T247575 AX-0.968 AY-0.011 AZ+0.012 GX+2.80 GY-0.98 GZ-3.36 P1007.64 RH0.1 KH0.1 VZ+0.00 GA0.97 ST:0 MOD:E GPS:0,0 C:0
T248075 AX-0.973 AY-0.008 AZ+0.017 GX+2.73 GY-1.47 GZ-3.36 P1007.65 RH0.1 KH0.1 VZ+0.00 GA0.97 ST:0 MOD:E GPS:0,0 C:0
T248575 AX-0.971 AY-0.026 AZ+0.016 GX+2.87 GY-1.82 GZ-3.29 P1007.65 RH0.0 KH0.0 VZ+0.00 GA0.97 ST:0 MOD:E GPS:0,0 C:0
T249075 AX-0.970 AY-0.016 AZ+0.016 GX+2.66 GY-1.12 GZ-3.36 P1007.64 RH0.1 KH0.1 VZ+0.00 GA0.97 ST:0 MOD:E GPS:0,0 C:0
T249575 AX-0.964 AY-0.013 AZ+0.015 GX+2.80 GY-1.33 GZ-3.29 P1007.65 RH0.0 KH0.0 VZ+0.00 GA0.96 ST:0 MOD:E GPS:0,0 C:0
T250075 AX-0.977 AY-0.014 AZ+0.016 GX+2.73 GY-1.33 GZ-3.36 P1007.65 RH-0.0 KH-0.0 VZ+0.00 GA0.98 ST:0 MOD:E GPS:0,0 C:0
T250575 AX-0.970 AY-0.014 AZ+0.017 GX+2.80 GY-0.91 GZ-3.29 P1007.65 RH-0.0 KH-0.0 VZ+0.00 GA0.97 ST:0 MOD:E GPS:0,0 C:0
T251075 AX-0.974 AY-0.013 AZ+0.014 GX+2.80 GY-2.17 GZ-3.36 P1007.65 RH-0.0 KH-0.0 VZ+0.00 GA0.97 ST:0 MOD:E GPS:0,0 C:0
T251575 AX-0.967 AY-0.013 AZ+0.012 GX+2.73 GY-1.12 GZ-3.36 P1007.65 RH0.0 KH0.0 VZ+0.00 GA0.97 ST:0 MOD:E GPS:0,0 C:0
T252075 AX-0.969 AY-0.016 AZ+0.010 GX+2.73 GY+1.12 GZ-3.36 P1007.65 RH0.0 KH0.0 VZ+0.00 GA0.97 ST:0 MOD:E GPS:0,0 C:0
T252575 AX-0.971 AY-0.012 AZ+0.021 GX+2.73 GY-0.14 GZ-3.36 P1007.65 RH0.0 KH0.0 VZ+0.00 GA0.97 ST:0 MOD:E GPS:0,0 C:0
T253075 AX-0.969 AY-0.011 AZ+0.005 GX+2.73 GY-2.17 GZ-3.36 P1007.66 RH-0.1 KH-0.1 VZ+0.00 GA0.97 ST:0 MOD:E GPS:0,0 C:0
T253575 AX-0.963 AY-0.016 AZ+0.041 GX+3.01 GY-4.06 GZ-3.29 P1007.67 RH-0.1 KH-0.1 VZ+0.00 GA0.96 ST:0 MOD:E GPS:0,0 C:0
T254075 AX-0.974 AY-0.016 AZ+0.041 GX+2.87 GY-5.46 GZ-3.36 P1007.65 RH0.0 KH0.0 VZ+0.00 GA0.97 ST:0 MOD:E GPS:0,0 C:0
T254575 AX-0.970 AY-0.014 AZ-0.038 GX+3.85 GY-14.00 GZ-3.01 P1007.65 RH0.0 KH0.0 VZ+0.00 GA0.97 ST:0 MOD:E GPS:0,0 C:0
T255075 AX-0.976 AY-0.011 AZ-0.014 GX+2.94 GY-0.28 GZ-3.36 P1007.64 RH0.1 KH0.1 VZ+0.00 GA0.98 ST:0 MOD:E GPS:0,0 C:0
T256075 AX-0.965 AY-0.016 AZ-0.003 GX+2.87 GY-1.75 GZ-3.36 P1007.65 RH-0.0 KH-0.0 VZ+0.00 GA0.96 ST:0 MOD:E GPS:0,0 C:0
MSG SUCCESS RECAL ref_press=1007.65 hPa (n=8)
T257157 AX-0.971 AY-0.013 AZ+0.005 GX+2.80 GY-1.33 GZ-3.36 P1007.66 RH-0.1 KH-0.1 VZ+0.00 GA0.97 ST:0 MOD:E GPS:0,0 C:0
MSG SUCCESS RECAL ref_press=1007.64 hPa (n=8)
T258157 AX-0.961 AY-0.012 AZ+0.026 GX+2.52 GY+3.78 GZ-3.50 P1007.65 RH-0.0 KH-0.0 VZ+0.00 GA0.96 ST:0 MOD:E GPS:0,0 C:0
T258657 AX-0.969 AY-0.017 AZ+0.009 GX+2.94 GY-2.17 GZ-3.29 P1007.65 RH-0.1 KH-0.1 VZ+0.00 GA0.97 ST:0 MOD:E GPS:0,0 C:0
T259157 AX-0.969 AY-0.016 AZ+0.007 GX+2.87 GY-1.89 GZ-3.36 P1007.64 RH0.0 KH0.0 VZ+0.00 GA0.97 ST:0 MOD:E GPS:0,0 C:0
T259657 AX-0.964 AY-0.011 AZ+0.000 GX+2.80 GY-2.03 GZ-3.36 P1007.64 RH0.0 KH0.0 VZ+0.00 GA0.96 ST:0 MOD:E GPS:0,0 C:0
T260157 AX-0.973 AY-0.011 AZ-0.003 GX+2.73 GY-0.98 GZ-3.36 P1007.64 RH0.0 KH0.0 VZ+0.00 GA0.97 ST:0 MOD:E GPS:0,0 C:0
T260657 AX-0.968 AY-0.010 AZ-0.007 GX+2.87 GY-1.47 GZ-3.36 P1007.65 RH-0.0 KH-0.0 VZ+0.00 GA0.97 ST:0 MOD:E GPS:0,0 C:0
T261157 AX-0.966 AY-0.013 AZ+0.003 GX+2.87 GY-3.36 GZ-3.29 P1007.65 RH-0.1 KH-0.1 VZ+0.00 GA0.97 ST:0 MOD:E GPS:0,0 C:0
T261657 AX-0.969 AY-0.012 AZ-0.010 GX+2.66 GY-1.05 GZ-3.36 P1007.65 RH-0.1 KH-0.1 VZ+0.00 GA0.97 ST:0 MOD:E GPS:0,0 C:0
T262157 AX-0.968 AY-0.012 AZ+0.001 GX+2.59 GY-0.91 GZ-3.36 P1007.64 RH0.1 KH0.1 VZ+0.00 GA0.97 ST:0 MOD:E GPS:0,0 C:0
T262657 AX-0.976 AY-0.014 AZ-0.005 GX+2.80 GY-1.33 GZ-3.43 P1007.64 RH0.1 KH0.1 VZ+0.00 GA0.98 ST:0 MOD:E GPS:0,0 C:0
T263157 AX-0.965 AY-0.007 AZ+0.001 GX+2.80 GY-2.10 GZ-3.43 P1007.63 RH0.1 KH0.1 VZ+0.00 GA0.97 ST:0 MOD:E GPS:0,0 C:0
T263657 AX-0.969 AY-0.014 AZ+0.006 GX+2.94 GY-1.89 GZ-3.29 P1007.63 RH0.1 KH0.1 VZ+0.00 GA0.97 ST:0 MOD:E GPS:0,0 C:0
T264157 AX-0.966 AY-0.010 AZ-0.004 GX+2.80 GY-1.82 GZ-3.29 P1007.74 RH-0.8 KH-0.8 VZ+0.00 GA0.97 ST:0 MOD:E GPS:0,0 C:0
T264657 AX-0.976 AY-0.019 AZ+0.001 GX+2.73 GY-1.40 GZ-3.36 P1007.65 RH-0.1 KH-0.1 VZ+0.00 GA0.98 ST:0 MOD:E GPS:0,0 C:0
T265157 AX-0.967 AY-0.018 AZ+0.001 GX+2.80 GY-1.33 GZ-3.36 P1007.65 RH-0.1 KH-0.1 VZ+0.00 GA0.97 ST:0 MOD:E GPS:0,0 C:0
T265657 AX-0.976 AY-0.011 AZ-0.004 GX+3.01 GY-1.68 GZ-3.29 P1007.65 RH-0.1 KH-0.1 VZ+0.00 GA0.98 ST:0 MOD:E GPS:0,0 C:0
T266157 AX-0.962 AY-0.025 AZ-0.009 GX+2.87 GY-1.89 GZ-3.29 P1007.64 RH0.0 KH0.0 VZ+0.00 GA0.96 ST:0 MOD:E GPS:0,0 C:0
T266657 AX-0.974 AY-0.012 AZ-0.007 GX+2.73 GY-1.12 GZ-3.43 P1007.63 RH0.1 KH0.1 VZ+0.00 GA0.97 ST:0 MOD:E GPS:0,0 C:0
T267157 AX-0.978 AY-0.014 AZ-0.009 GX+2.87 GY-1.54 GZ-3.36 P1007.64 RH0.1 KH0.1 VZ+0.00 GA0.98 ST:0 MOD:E GPS:0,0 C:0
T267657 AX-0.966 AY-0.014 AZ-0.006 GX+2.73 GY-1.47 GZ-3.29 P1007.64 RH0.1 KH0.1 VZ+0.00 GA0.97 ST:0 MOD:E GPS:0,0 C:0
T268157 AX-0.972 AY-0.015 AZ-0.008 GX+2.73 GY-0.98 GZ-3.29 P1007.64 RH0.1 KH0.1 VZ+0.00 GA0.97 ST:0 MOD:E GPS:0,0 C:0
T268657 AX-0.960 AY-0.013 AZ-0.006 GX+2.87 GY-1.47 GZ-3.29 P1007.64 RH0.0 KH0.0 VZ+0.00 GA0.96 ST:0 MOD:E GPS:0,0 C:0
T269157 AX-0.973 AY-0.012 AZ-0.003 GX+2.73 GY-1.68 GZ-3.22 P1007.64 RH0.0 KH0.0 VZ+0.00 GA0.97 ST:0 MOD:E GPS:0,0 C:0
T269657 AX-0.971 AY-0.018 AZ-0.039 GX+3.01 GY-2.10 GZ-3.22 P1007.63 RH0.1 KH0.1 VZ+0.00 GA0.97 ST:0 MOD:E GPS:0,0 C:0
T270157 AX-0.979 AY-0.011 AZ-0.088 GX+2.17 GY+9.45 GZ-3.71 P1007.65 RH-0.0 KH-0.0 VZ+0.00 GA0.98 ST:0 MOD:E GPS:0,0 C:0
T270657 AX-0.978 AY-0.010 AZ+0.004 GX+2.80 GY-2.87 GZ-3.22 P1007.64 RH0.1 KH0.1 VZ+0.00 GA0.98 ST:0 MOD:E GPS:0,0 C:0
T271157 AX-0.969 AY-0.013 AZ+0.014 GX+2.94 GY-4.55 GZ-3.08 P1007.64 RH0.0 KH0.0 VZ+0.00 GA0.97 ST:0 MOD:E GPS:0,0 C:0
T271657 AX-0.977 AY-0.011 AZ-0.008 GX+3.01 GY-2.38 GZ-3.29 P1007.64 RH0.1 KH0.1 VZ+0.00 GA0.98 ST:0 MOD:E GPS:0,0 C:0
T272157 AX-0.969 AY-0.012 AZ-0.015 GX+2.80 GY-0.70 GZ-3.36 P1007.62 RH0.2 KH0.2 VZ+0.00 GA0.97 ST:0 MOD:E GPS:0,0 C:0
T272657 AX-0.977 AY-0.014 AZ-0.013 GX+2.87 GY-1.47 GZ-3.43 P1007.64 RH0.1 KH0.1 VZ+0.00 GA0.98 ST:0 MOD:E GPS:0,0 C:0
T273157 AX-0.974 AY-0.013 AZ-0.014 GX+2.73 GY+0.14 GZ-3.29 P1007.63 RH0.1 KH0.1 VZ+0.00 GA0.97 ST:0 MOD:E GPS:0,0 C:0
T273657 AX-0.968 AY-0.013 AZ-0.017 GX+2.87 GY-2.94 GZ-3.29 P1007.65 RH0.0 KH0.0 VZ+0.00 GA0.97 ST:0 MOD:E GPS:0,0 C:0
T274157 AX-0.966 AY-0.012 AZ-0.011 GX+2.87 GY-4.27 GZ-3.15 P1007.64 RH0.1 KH0.1 VZ+0.00 GA0.97 ST:0 MOD:E GPS:0,0 C:0
T274657 AX-0.976 AY-0.010 AZ-0.013 GX+2.80 GY+0.07 GZ-3.43 P1007.64 RH0.0 KH0.0 VZ+0.00 GA0.98 ST:0 MOD:E GPS:0,0 C:0
T275157 AX-0.971 AY-0.016 AZ-0.004 GX+2.94 GY-2.38 GZ-3.36 P1007.63 RH0.1 KH0.1 VZ+0.00 GA0.97 ST:0 MOD:E GPS:0,0 C:0
T275657 AX-0.995 AY-0.007 AZ-0.092 GX-0.49 GY+65.73 GZ-5.32 P1007.61 RH0.3 KH0.3 VZ+0.00 GA1.00 ST:0 MOD:E GPS:0,0 C:0
T276157 AX-0.972 AY-0.013 AZ-0.006 GX+2.59 GY+3.57 GZ-3.64 P1007.64 RH0.0 KH0.0 VZ+0.00 GA0.97 ST:0 MOD:E GPS:0,0 C:0
T276657 AX-0.972 AY-0.012 AZ-0.008 GX+2.87 GY-2.87 GZ-3.36 P1007.64 RH0.1 KH0.1 VZ+0.00 GA0.97 ST:0 MOD:E GPS:0,0 C:0
T277157 AX-0.965 AY-0.013 AZ+0.006 GX+2.80 GY-2.38 GZ-3.43 P1007.63 RH0.1 KH0.1 VZ+0.00 GA0.96 ST:0 MOD:E GPS:0,0 C:0
T277657 AX-0.969 AY-0.015 AZ+0.004 GX+2.87 GY-2.38 GZ-3.43 P1007.63 RH0.1 KH0.1 VZ+0.00 GA0.97 ST:0 MOD:E GPS:0,0 C:0
T278157 AX-0.974 AY-0.011 AZ-0.001 GX+2.66 GY-1.75 GZ-3.36 P1007.63 RH0.1 KH0.1 VZ+0.00 GA0.97 ST:0 MOD:E GPS:0,0 C:0
T278657 AX-0.968 AY-0.013 AZ-0.006 GX+2.38 GY+1.75 GZ-3.50 P1007.64 RH0.1 KH0.1 VZ+0.00 GA0.97 ST:0 MOD:E GPS:0,0 C:0
T279157 AX-0.971 AY-0.010 AZ+0.020 GX+3.01 GY-8.75 GZ-3.22 P1007.62 RH0.2 KH0.2 VZ+0.00 GA0.97 ST:0 MOD:E GPS:0,0 C:0
T279657 AX-0.959 AY-0.021 AZ-0.045 GX+3.92 GY-19.39 GZ-2.87 P1007.64 RH0.0 KH0.0 VZ+0.00 GA0.96 ST:0 MOD:E GPS:0,0 C:0
T280157 AX-0.937 AY+0.022 AZ+0.170 GX+20.02 GY-37.38 GZ-4.41 P1007.63 RH0.1 KH0.1 VZ+0.00 GA0.95 ST:0 MOD:E GPS:0,0 C:0
T280657 AX-0.768 AY+0.070 AZ+0.638 GX+14.70 GY-70.63 GZ-5.32 P1007.64 RH0.0 KH0.0 VZ+0.00 GA1.00 ST:0 MOD:E GPS:0,0 C:0
T281157 AX-0.402 AY+0.043 AZ+0.860 GX+5.32 GY-40.88 GZ-0.28 P1007.65 RH-0.1 KH-0.1 VZ+0.00 GA0.95 ST:0 MOD:E GPS:0,0 C:0
T281657 AX-0.176 AY+0.083 AZ+1.005 GX-10.85 GY-21.07 GZ+3.50 P1007.66 RH-0.1 KH-0.1 VZ+0.00 GA1.02 ST:0 MOD:E GPS:0,0 C:0
T282157 AX-0.380 AY+0.132 AZ+0.873 GX+27.79 GY+8.26 GZ+6.37 P1007.66 RH-0.2 KH-0.2 VZ+0.00 GA0.96 ST:0 MOD:E GPS:0,0 C:0
T282657 AX-0.142 AY+0.089 AZ+0.809 GX-17.15 GY+7.49 GZ+12.11 P1007.65 RH-0.0 KH-0.0 VZ+0.00 GA0.83 ST:0 MOD:E GPS:0,0 C:0
T283157 AX-0.027 AY+0.158 AZ+0.939 GX+3.64 GY-2.31 GZ-3.15 P1007.65 RH-0.1 KH-0.1 VZ+0.00 GA0.95 ST:0 MOD:E GPS:0,0 C:0
T283657 AX-0.030 AY+0.148 AZ+0.975 GX+2.52 GY-1.47 GZ-3.29 P1007.66 RH-0.1 KH-0.1 VZ+0.00 GA0.99 ST:0 MOD:E GPS:0,0 C:0
T284157 AX-0.026 AY+0.147 AZ+0.958 GX+2.45 GY-1.33 GZ-3.29 P1007.65 RH-0.0 KH-0.0 VZ+0.00 GA0.97 ST:0 MOD:E GPS:0,0 C:0
T284657 AX-0.035 AY+0.173 AZ+0.958 GX+2.45 GY-1.26 GZ-3.29 P1007.64 RH0.0 KH0.0 VZ+0.00 GA0.97 ST:0 MOD:E GPS:0,0 C:0
T285157 AX-0.016 AY+0.166 AZ+0.990 GX+3.78 GY-2.24 GZ-3.15 P1007.65 RH-0.0 KH-0.0 VZ+0.00 GA1.00 ST:0 MOD:E GPS:0,0 C:0
T285657 AX-0.042 AY+0.155 AZ+0.986 GX+2.03 GY-1.12 GZ-3.36 P1007.64 RH0.0 KH0.0 VZ+0.00 GA1.00 ST:0 MOD:E GPS:0,0 C:0
T286157 AX-0.042 AY+0.165 AZ+0.965 GX+2.94 GY-1.61 GZ-3.15 P1007.66 RH-0.1 KH-0.1 VZ+0.00 GA0.98 ST:0 MOD:E GPS:0,0 C:0
T286657 AX-0.034 AY+0.152 AZ+0.970 GX+2.66 GY-1.54 GZ-3.29 P1007.65 RH-0.0 KH-0.0 VZ+0.00 GA0.98 ST:0 MOD:E GPS:0,0 C:0
T287157 AX-0.036 AY+0.156 AZ+0.938 GX+2.66 GY-1.47 GZ-3.36 P1007.66 RH-0.1 KH-0.1 VZ+0.00 GA0.95 ST:0 MOD:E GPS:0,0 C:0
T287657 AX-0.036 AY+0.156 AZ+0.956 GX+2.45 GY-1.40 GZ-3.29 P1007.65 RH-0.1 KH-0.1 VZ+0.00 GA0.97 ST:0 MOD:E GPS:0,0 C:0
T288157 AX-0.031 AY+0.159 AZ+0.952 GX+2.87 GY-1.47 GZ-3.22 P1007.65 RH-0.0 KH-0.0 VZ+0.00 GA0.97 ST:0 MOD:E GPS:0,0 C:0
T288657 AX-0.020 AY+0.162 AZ+0.969 GX+3.22 GY-2.03 GZ-3.15 P1007.65 RH-0.0 KH-0.0 VZ+0.00 GA0.98 ST:0 MOD:E GPS:0,0 C:0
T289157 AX-0.031 AY+0.166 AZ+0.971 GX+2.94 GY-1.61 GZ-3.29 P1007.63 RH0.1 KH0.1 VZ+0.00 GA0.99 ST:0 MOD:E GPS:0,0 C:0
T289657 AX-0.032 AY+0.166 AZ+0.962 GX+3.01 GY-1.82 GZ-3.22 P1007.64 RH0.0 KH0.0 VZ+0.00 GA0.98 ST:0 MOD:E GPS:0,0 C:0
T290157 AX-0.022 AY+0.153 AZ+0.965 GX+2.52 GY-1.47 GZ-3.36 P1007.65 RH-0.0 KH-0.0 VZ+0.00 GA0.98 ST:0 MOD:E GPS:0,0 C:0
T290657 AX-0.030 AY+0.154 AZ+0.962 GX+3.08 GY-1.75 GZ-3.15 P1007.65 RH-0.1 KH-0.1 VZ+0.00 GA0.98 ST:0 MOD:E GPS:0,0 C:0
T291157 AX-0.037 AY+0.149 AZ+0.892 GX+1.68 GY-0.91 GZ-3.36 P1007.65 RH-0.0 KH-0.0 VZ+0.00 GA0.91 ST:0 MOD:E GPS:0,0 C:0
T291657 AX-0.021 AY+0.172 AZ+0.958 GX+3.50 GY-2.10 GZ-3.08 P1007.65 RH-0.1 KH-0.1 VZ+0.00 GA0.97 ST:0 MOD:E GPS:0,0 C:0
T292157 AX-0.024 AY+0.158 AZ+0.954 GX+3.01 GY-1.68 GZ-3.36 P1007.65 RH-0.1 KH-0.1 VZ+0.00 GA0.97 ST:0 MOD:E GPS:0,0 C:0
T292657 AX-0.032 AY+0.152 AZ+0.916 GX+2.24 GY-1.12 GZ-3.36 P1007.65 RH-0.0 KH-0.0 VZ+0.00 GA0.93 ST:0 MOD:E GPS:0,0 C:0
T293157 AX-0.025 AY+0.165 AZ+0.974 GX+3.99 GY-2.45 GZ-3.08 P1007.64 RH0.1 KH0.1 VZ+0.00 GA0.99 ST:0 MOD:E GPS:0,0 C:0
T293657 AX-0.035 AY+0.164 AZ+0.882 GX+3.15 GY-1.89 GZ-3.22 P1007.63 RH0.1 KH0.1 VZ+0.00 GA0.90 ST:0 MOD:E GPS:0,0 C:0
T294157 AX-0.031 AY+0.161 AZ+0.971 GX+3.08 GY-1.75 GZ-3.15 P1007.63 RH0.1 KH0.1 VZ+0.00 GA0.98 ST:0 MOD:E GPS:0,0 C:0
T294657 AX-0.027 AY+0.159 AZ+0.973 GX+2.87 GY-1.68 GZ-3.15 P1007.63 RH0.1 KH0.1 VZ+0.00 GA0.99 ST:0 MOD:E GPS:0,0 C:0
T295157 AX-0.040 AY+0.169 AZ+0.967 GX+2.87 GY-1.61 GZ-3.22 P1007.64 RH0.0 KH0.0 VZ+0.00 GA0.98 ST:0 MOD:E GPS:0,0 C:0
T295657 AX-0.020 AY+0.157 AZ+0.916 GX+2.80 GY-1.89 GZ-3.29 P1007.65 RH-0.0 KH-0.0 VZ+0.00 GA0.93 ST:0 MOD:E GPS:0,0 C:0
T296157 AX-0.037 AY+0.157 AZ+0.947 GX+2.94 GY-1.68 GZ-3.22 P1007.65 RH-0.0 KH-0.0 VZ+0.00 GA0.96 ST:0 MOD:E GPS:0,0 C:0
T296657 AX-0.031 AY+0.160 AZ+0.971 GX+2.66 GY-1.54 GZ-3.22 P1007.64 RH0.1 KH0.1 VZ+0.00 GA0.98 ST:0 MOD:E GPS:0,0 C:0
T297157 AX-0.022 AY+0.154 AZ+0.982 GX+3.01 GY-1.82 GZ-3.22 P1007.64 RH0.1 KH0.1 VZ+0.00 GA0.99 ST:0 MOD:E GPS:0,0 C:0
T297657 AX-0.037 AY+0.170 AZ+0.971 GX+3.64 GY-2.31 GZ-3.08 P1007.64 RH0.0 KH0.0 VZ+0.00 GA0.99 ST:0 MOD:E GPS:0,0 C:0
T298157 AX-0.038 AY+0.164 AZ+0.970 GX+3.22 GY-1.89 GZ-3.29 P1007.63 RH0.1 KH0.1 VZ+0.00 GA0.98 ST:0 MOD:E GPS:0,0 C:0
T298657 AX+0.069 AY+0.193 AZ+1.015 GX-1.19 GY-2.80 GZ-8.89 P1007.63 RH0.1 KH0.1 VZ+0.00 GA1.04 ST:0 MOD:E GPS:0,0 C:0
T299157 AX-0.800 AY+0.022 AZ-0.043 GX-8.05 GY+134.40 GZ-25.06 P1007.61 RH0.3 KH0.3 VZ+0.00 GA0.80 ST:0 MOD:E GPS:0,0 C:0
T299657 AX-0.970 AY-0.023 AZ-0.030 GX-0.07 GY+12.11 GZ-6.65 P1007.63 RH0.2 KH0.2 VZ+0.00 GA0.97 ST:0 MOD:E GPS:0,0 C:0
T300157 AX-0.960 AY-0.024 AZ-0.037 GX+2.31 GY-0.07 GZ-1.33 P1007.62 RH0.2 KH0.2 VZ+0.00 GA0.96 ST:0 MOD:E GPS:0,0 C:0
T300657 AX-0.991 AY-0.030 AZ-0.035 GX+3.71 GY-2.52 GZ-8.19 P1007.60 RH0.4 KH0.4 VZ+0.00 GA0.99 ST:0 MOD:E GPS:0,0 C:0
T301157 AX-0.975 AY-0.007 AZ-0.056 GX+2.66 GY-2.59 GZ-3.36 P1007.60 RH0.4 KH0.4 VZ+0.00 GA0.98 ST:0 MOD:E GPS:0,0 C:0
T301657 AX-0.965 AY-0.014 AZ-0.024 GX+2.73 GY-6.93 GZ-3.29 P1007.60 RH0.4 KH0.4 VZ+0.00 GA0.97 ST:0 MOD:E GPS:0,0 C:0
T302157 AX-0.974 AY-0.013 AZ-0.040 GX+2.87 GY+1.54 GZ-3.57 P1007.64 RH0.1 KH0.1 VZ+0.00 GA0.97 ST:0 MOD:E GPS:0,0 C:0
T302657 AX-0.971 AY-0.015 AZ-0.020 GX+2.94 GY-5.81 GZ-3.29 P1007.63 RH0.1 KH0.1 VZ+0.00 GA0.97 ST:0 MOD:E GPS:0,0 C:0
T303157 AX-0.964 AY-0.010 AZ-0.003 GX+2.59 GY-4.27 GZ-3.43 P1007.63 RH0.1 KH0.1 VZ+0.00 GA0.96 ST:0 MOD:E GPS:0,0 C:0
T303657 AX-0.974 AY-0.018 AZ+0.037 GX+8.96 GY-16.03 GZ-2.59 P1007.63 RH0.1 KH0.1 VZ+0.00 GA0.97 ST:0 MOD:E GPS:0,0 C:0
T304157 AX-0.970 AY-0.017 AZ+0.076 GX+2.94 GY-1.54 GZ-3.43 P1007.61 RH0.3 KH0.3 VZ+0.00 GA0.97 ST:0 MOD:E GPS:0,0 C:0
T304657 AX-0.966 AY-0.009 AZ+0.089 GX+2.38 GY-3.36 GZ-3.43 P1007.63 RH0.1 KH0.1 VZ+0.00 GA0.97 ST:0 MOD:E GPS:0,0 C:0
T305157 AX-0.982 AY-0.010 AZ+0.029 GX+8.61 GY-16.03 GZ-3.22 P1007.64 RH0.1 KH0.1 VZ+0.00 GA0.98 ST:0 MOD:E GPS:0,0 C:0
T305657 AX-0.562 AY+0.042 AZ+0.792 GX+14.70 GY-103.32 GZ-1.47 P1007.63 RH0.2 KH0.2 VZ+0.00 GA0.97 ST:0 MOD:E GPS:0,0 C:0
T306157 AX-0.151 AY+0.115 AZ+0.935 GX-5.88 GY-39.41 GZ+13.72 P1007.64 RH0.0 KH0.0 VZ+0.00 GA0.95 ST:0 MOD:E GPS:0,0 C:0
T306657 AX-0.042 AY+0.123 AZ+1.029 GX+13.09 GY-4.62 GZ+5.39 P1007.66 RH-0.1 KH-0.1 VZ+0.00 GA1.04 ST:0 MOD:E GPS:0,0 C:0
T307157 AX+0.010 AY+0.155 AZ+0.967 GX+2.66 GY-1.75 GZ-3.29 P1007.65 RH-0.0 KH-0.0 VZ+0.00 GA0.98 ST:0 MOD:E GPS:0,0 C:0
T307657 AX+0.020 AY+0.159 AZ+0.964 GX+2.87 GY-1.68 GZ-3.29 P1007.66 RH-0.1 KH-0.1 VZ+0.00 GA0.98 ST:0 MOD:E GPS:0,0 C:0
T308157 AX+0.009 AY+0.152 AZ+0.964 GX+2.80 GY-1.68 GZ-3.43 P1007.66 RH-0.1 KH-0.1 VZ+0.00 GA0.98 ST:0 MOD:E GPS:0,0 C:0
T308657 AX+0.017 AY+0.152 AZ+0.964 GX+2.80 GY-1.54 GZ-3.36 P1007.65 RH-0.0 KH-0.0 VZ+0.00 GA0.98 ST:0 MOD:E GPS:0,0 C:0
T309157 AX+0.011 AY+0.150 AZ+0.975 GX+2.80 GY-1.54 GZ-3.43 P1007.65 RH-0.1 KH-0.1 VZ+0.00 GA0.99 ST:0 MOD:E GPS:0,0 C:0
T309657 AX+0.013 AY+0.153 AZ+0.967 GX+2.87 GY-1.54 GZ-3.36 P1007.66 RH-0.1 KH-0.1 VZ+0.00 GA0.98 ST:0 MOD:E GPS:0,0 C:0
T310157 AX+0.008 AY+0.162 AZ+0.967 GX+2.80 GY-1.68 GZ-3.43 P1007.66 RH-0.1 KH-0.1 VZ+0.00 GA0.98 ST:0 MOD:E GPS:0,0 C:0
T310657 AX+0.011 AY+0.149 AZ+0.964 GX+2.80 GY-1.68 GZ-3.36 P1007.66 RH-0.1 KH-0.1 VZ+0.00 GA0.98 ST:0 MOD:E GPS:0,0 C:0
T311157 AX+0.015 AY+0.153 AZ+0.968 GX+2.87 GY-1.61 GZ-3.29 P1007.65 RH-0.0 KH-0.0 VZ+0.00 GA0.98 ST:0 MOD:E GPS:0,0 C:0
T311657 AX+0.005 AY+0.156 AZ+0.959 GX+2.87 GY-1.61 GZ-3.29 P1007.66 RH-0.1 KH-0.1 VZ+0.00 GA0.97 ST:0 MOD:E GPS:0,0 C:0
T312157 AX+0.005 AY+0.155 AZ+0.961 GX+2.80 GY-1.75 GZ-3.29 P1007.67 RH-0.2 KH-0.2 VZ+0.00 GA0.97 ST:0 MOD:E GPS:0,0 C:0
T312657 AX+0.012 AY+0.152 AZ+0.965 GX+2.87 GY-1.68 GZ-3.36 P1007.66 RH-0.1 KH-0.1 VZ+0.00 GA0.98 ST:0 MOD:E GPS:0,0 C:0
T313157 AX+0.009 AY+0.154 AZ+0.963 GX+2.87 GY-1.61 GZ-3.43 P1007.66 RH-0.1 KH-0.1 VZ+0.00 GA0.98 ST:0 MOD:E GPS:0,0 C:0
T313657 AX+0.005 AY+0.161 AZ+0.974 GX+2.73 GY-1.54 GZ-3.29 P1007.67 RH-0.2 KH-0.2 VZ+0.00 GA0.99 ST:0 MOD:E GPS:0,0 C:0
T314157 AX+0.007 AY+0.147 AZ+0.961 GX+2.87 GY-1.61 GZ-3.29 P1007.66 RH-0.1 KH-0.1 VZ+0.00 GA0.97 ST:0 MOD:E GPS:0,0 C:0
T314657 AX+0.008 AY+0.157 AZ+0.963 GX+2.80 GY-1.61 GZ-3.36 P1007.65 RH-0.0 KH-0.0 VZ+0.00 GA0.98 ST:0 MOD:E GPS:0,0 C:0
T315157 AX+0.012 AY+0.159 AZ+0.952 GX+2.87 GY-1.54 GZ-3.43 P1007.66 RH-0.1 KH-0.1 VZ+0.00 GA0.97 ST:0 MOD:E GPS:0,0 C:0
T315657 AX+0.010 AY+0.157 AZ+0.963 GX+2.87 GY-1.75 GZ-3.29 P1007.65 RH-0.0 KH-0.0 VZ+0.00 GA0.98 ST:0 MOD:E GPS:0,0 C:0
T316157 AX+0.015 AY+0.147 AZ+0.966 GX+2.87 GY-1.54 GZ-3.36 P1007.65 RH-0.1 KH-0.1 VZ+0.00 GA0.98 ST:0 MOD:E GPS:0,0 C:0
T316657 AX+0.006 AY+0.150 AZ+0.975 GX+2.80 GY-1.61 GZ-3.36 P1007.63 RH0.1 KH0.1 VZ+0.00 GA0.99 ST:0 MOD:E GPS:0,0 C:0
T317157 AX+0.025 AY+0.150 AZ+0.968 GX+2.87 GY-1.54 GZ-3.29 P1007.65 RH-0.0 KH-0.0 VZ+0.00 GA0.98 ST:0 MOD:E GPS:0,0 C:0
T317657 AX+0.014 AY+0.155 AZ+0.969 GX+2.80 GY-1.68 GZ-3.36 P1007.64 RH0.0 KH0.0 VZ+0.00 GA0.98 ST:0 MOD:E GPS:0,0 C:0
T318157 AX+0.006 AY+0.150 AZ+0.962 GX+2.80 GY-1.61 GZ-3.36 P1007.65 RH-0.1 KH-0.1 VZ+0.00 GA0.97 ST:0 MOD:E GPS:0,0 C:0
T318657 AX+0.019 AY+0.153 AZ+0.962 GX+2.80 GY-1.54 GZ-3.36 P1007.65 RH-0.1 KH-0.1 VZ+0.00 GA0.97 ST:0 MOD:E GPS:0,0 C:0
T319157 AX+0.014 AY+0.158 AZ+0.972 GX+2.80 GY-1.68 GZ-3.36 P1007.64 RH0.0 KH0.0 VZ+0.00 GA0.98 ST:0 MOD:E GPS:0,0 C:0
T319657 AX+0.017 AY+0.150 AZ+0.974 GX+2.87 GY-1.61 GZ-3.36 P1007.63 RH0.1 KH0.1 VZ+0.00 GA0.99 ST:0 MOD:E GPS:0,0 C:0
T320157 AX+0.005 AY+0.155 AZ+0.969 GX+2.80 GY-1.54 GZ-3.36 P1007.64 RH0.0 KH0.0 VZ+0.00 GA0.98 ST:0 MOD:E GPS:0,0 C:0
T320657 AX+0.014 AY+0.162 AZ+0.970 GX+2.73 GY-1.61 GZ-3.36 P1007.65 RH-0.0 KH-0.0 VZ+0.00 GA0.98 ST:0 MOD:E GPS:0,0 C:0
T321157 AX+0.002 AY+0.157 AZ+0.961 GX+2.87 GY-1.68 GZ-3.29 P1007.64 RH0.0 KH0.0 VZ+0.00 GA0.97 ST:0 MOD:E GPS:0,0 C:0
T321657 AX+0.007 AY+0.154 AZ+0.966 GX+2.80 GY-1.61 GZ-3.29 P1007.64 RH0.1 KH0.1 VZ+0.00 GA0.98 ST:0 MOD:E GPS:0,0 C:0
T322157 AX+0.010 AY+0.155 AZ+0.972 GX+2.80 GY-1.61 GZ-3.29 P1007.64 RH0.0 KH0.0 VZ+0.00 GA0.98 ST:0 MOD:E GPS:0,0 C:0
T322657 AX+0.015 AY+0.157 AZ+0.964 GX+2.80 GY-1.61 GZ-3.36 P1007.64 RH0.1 KH0.1 VZ+0.00 GA0.98 ST:0 MOD:E GPS:0,0 C:0
T323157 AX+0.008 AY+0.151 AZ+0.969 GX+2.80 GY-1.61 GZ-3.36 P1007.65 RH-0.0 KH-0.0 VZ+0.00 GA0.98 ST:0 MOD:E GPS:0,0 C:0
T323657 AX+0.013 AY+0.153 AZ+0.964 GX+2.80 GY-1.68 GZ-3.29 P1007.65 RH-0.0 KH-0.0 VZ+0.00 GA0.98 ST:0 MOD:E GPS:0,0 C:0
T324157 AX+0.002 AY+0.155 AZ+0.967 GX+2.87 GY-1.61 GZ-3.36 P1007.64 RH0.0 KH0.0 VZ+0.00 GA0.98 ST:0 MOD:E GPS:0,0 C:0
T324657 AX+0.004 AY+0.162 AZ+0.965 GX+2.80 GY-1.68 GZ-3.43 P1007.64 RH0.1 KH0.1 VZ+0.00 GA0.98 ST:0 MOD:E GPS:0,0 C:0
T325157 AX+0.011 AY+0.170 AZ+0.967 GX+2.80 GY-1.61 GZ-3.36 P1007.64 RH0.1 KH0.1 VZ+0.00 GA0.98 ST:0 MOD:E GPS:0,0 C:0
T325657 AX+0.009 AY+0.159 AZ+0.970 GX+2.80 GY-1.61 GZ-3.29 P1007.63 RH0.1 KH0.1 VZ+0.00 GA0.98 ST:0 MOD:E GPS:0,0 C:0
T326157 AX+0.006 AY+0.157 AZ+0.968 GX+2.94 GY-1.68 GZ-3.36 P1007.63 RH0.1 KH0.1 VZ+0.00 GA0.98 ST:0 MOD:E GPS:0,0 C:0
T326657 AX+0.018 AY+0.149 AZ+0.964 GX+2.80 GY-1.61 GZ-3.36 P1007.64 RH0.0 KH0.0 VZ+0.00 GA0.98 ST:0 MOD:E GPS:0,0 C:0
T327157 AX+0.020 AY+0.150 AZ+0.964 GX+2.73 GY-1.61 GZ-3.29 P1007.64 RH0.0 KH0.0 VZ+0.00 GA0.98 ST:0 MOD:E GPS:0,0 C:0
T327657 AX+0.017 AY+0.153 AZ+0.963 GX+2.87 GY-1.61 GZ-3.36 P1007.64 RH0.0 KH0.0 VZ+0.00 GA0.98 ST:0 MOD:E GPS:0,0 C:0
T328157 AX+0.012 AY+0.160 AZ+0.966 GX+2.80 GY-1.75 GZ-3.36 P1007.66 RH-0.1 KH-0.1 VZ+0.00 GA0.98 ST:0 MOD:E GPS:0,0 C:0
T328657 AX+0.006 AY+0.145 AZ+0.963 GX+2.80 GY-1.54 GZ-3.36 P1007.65 RH-0.0 KH-0.0 VZ+0.00 GA0.97 ST:0 MOD:E GPS:0,0 C:0
T329157 AX+0.018 AY+0.144 AZ+0.982 GX+2.80 GY-1.61 GZ-3.43 P1007.64 RH0.0 KH0.0 VZ+0.00 GA0.99 ST:0 MOD:E GPS:0,0 C:0
T329657 AX+0.013 AY+0.148 AZ+0.959 GX+2.87 GY-1.75 GZ-3.29 P1007.64 RH0.1 KH0.1 VZ+0.00 GA0.97 ST:0 MOD:E GPS:0,0 C:0
T330157 AX+0.003 AY+0.147 AZ+0.971 GX+2.80 GY-1.75 GZ-3.29 P1007.64 RH0.1 KH0.1 VZ+0.00 GA0.98 ST:0 MOD:E GPS:0,0 C:0
T330657 AX+0.005 AY+0.153 AZ+0.967 GX+2.80 GY-1.68 GZ-3.36 P1007.64 RH0.0 KH0.0 VZ+0.00 GA0.98 ST:0 MOD:E GPS:0,0 C:0
T331157 AX+0.013 AY+0.153 AZ+0.979 GX+2.80 GY-1.54 GZ-3.43 P1007.64 RH0.0 KH0.0 VZ+0.00 GA0.99 ST:0 MOD:E GPS:0,0 C:0
T331657 AX+0.004 AY+0.160 AZ+0.965 GX+2.80 GY-1.68 GZ-3.36 P1007.63 RH0.1 KH0.1 VZ+0.00 GA0.98 ST:0 MOD:E GPS:0,0 C:0
T332157 AX+0.010 AY+0.148 AZ+0.969 GX+2.73 GY-1.61 GZ-3.36 P1007.65 RH-0.0 KH-0.0 VZ+0.00 GA0.98 ST:0 MOD:E GPS:0,0 C:0
T332657 AX+0.007 AY+0.148 AZ+0.963 GX+2.73 GY-1.68 GZ-3.36 P1007.65 RH-0.0 KH-0.0 VZ+0.00 GA0.97 ST:0 MOD:E GPS:0,0 C:0
T333157 AX+0.027 AY+0.146 AZ+0.974 GX+2.73 GY-1.61 GZ-3.50 P1007.64 RH0.1 KH0.1 VZ+0.00 GA0.99 ST:0 MOD:E GPS:0,0 C:0
T333657 AX+0.008 AY+0.157 AZ+0.966 GX+2.87 GY-1.54 GZ-3.36 P1007.63 RH0.1 KH0.1 VZ+0.00 GA0.98 ST:0 MOD:E GPS:0,0 C:0
T334157 AX+0.015 AY+0.158 AZ+0.974 GX+2.80 GY-1.61 GZ-3.43 P1007.64 RH0.0 KH0.0 VZ+0.00 GA0.99 ST:0 MOD:E GPS:0,0 C:0
T334657 AX+0.013 AY+0.149 AZ+0.963 GX+2.73 GY-1.61 GZ-3.29 P1007.65 RH-0.0 KH-0.0 VZ+0.00 GA0.97 ST:0 MOD:E GPS:0,0 C:0
T335157 AX+0.006 AY+0.139 AZ+0.974 GX+2.73 GY-1.68 GZ-3.36 P1007.64 RH0.0 KH0.0 VZ+0.00 GA0.98 ST:0 MOD:E GPS:0,0 C:0
T335657 AX+0.012 AY+0.159 AZ+0.967 GX+2.80 GY-1.61 GZ-3.29 P1007.65 RH-0.0 KH-0.0 VZ+0.00 GA0.98 ST:0 MOD:E GPS:0,0 C:0
T336157 AX+0.004 AY+0.167 AZ+0.973 GX+2.80 GY-1.61 GZ-3.29 P1007.64 RH0.0 KH0.0 VZ+0.00 GA0.99 ST:0 MOD:E GPS:0,0 C:0
T336657 AX+0.001 AY+0.155 AZ+0.979 GX+2.80 GY-1.68 GZ-3.36 P1007.65 RH-0.0 KH-0.0 VZ+0.00 GA0.99 ST:0 MOD:E GPS:0,0 C:0
T337157 AX+0.015 AY+0.148 AZ+0.966 GX+2.73 GY-1.68 GZ-3.29 P1007.65 RH-0.1 KH-0.1 VZ+0.00 GA0.98 ST:0 MOD:E GPS:0,0 C:0
T337657 AX+0.006 AY+0.149 AZ+0.964 GX+2.73 GY-1.54 GZ-3.36 P1007.65 RH-0.0 KH-0.0 VZ+0.00 GA0.98 ST:0 MOD:E GPS:0,0 C:0
T338157 AX+0.007 AY+0.153 AZ+0.963 GX+2.73 GY-1.68 GZ-3.36 P1007.64 RH0.0 KH0.0 VZ+0.00 GA0.98 ST:0 MOD:E GPS:0,0 C:0
T338657 AX+0.004 AY+0.155 AZ+0.953 GX+2.73 GY-1.75 GZ-3.43 P1007.64 RH0.1 KH0.1 VZ+0.00 GA0.97 ST:0 MOD:E GPS:0,0 C:0
T339157 AX+0.011 AY+0.156 AZ+0.969 GX+2.80 GY-1.61 GZ-3.36 P1007.64 RH0.1 KH0.1 VZ+0.00 GA0.98 ST:0 MOD:E GPS:0,0 C:0
T339657 AX+0.015 AY+0.160 AZ+0.974 GX+2.80 GY-1.82 GZ-3.29 P1007.64 RH0.1 KH0.1 VZ+0.00 GA0.99 ST:0 MOD:E GPS:0,0 C:0
T340157 AX+0.011 AY+0.156 AZ+0.964 GX+2.80 GY-1.75 GZ-3.43 P1007.64 RH0.0 KH0.0 VZ+0.00 GA0.98 ST:0 MOD:E GPS:0,0 C:0
T340657 AX+0.008 AY+0.157 AZ+0.979 GX+2.80 GY-1.61 GZ-3.36 P1007.64 RH0.0 KH0.0 VZ+0.00 GA0.99 ST:0 MOD:E GPS:0,0 C:0
T341157 AX+0.010 AY+0.154 AZ+0.967 GX+2.73 GY-1.68 GZ-3.36 P1007.64 RH0.1 KH0.1 VZ+0.00 GA0.98 ST:0 MOD:E GPS:0,0 C:0
T341657 AX+0.014 AY+0.145 AZ+0.970 GX+2.80 GY-1.61 GZ-3.22 P1007.64 RH0.0 KH0.0 VZ+0.00 GA0.98 ST:0 MOD:E GPS:0,0 C:0
T342157 AX+0.006 AY+0.163 AZ+0.980 GX+2.80 GY-1.82 GZ-3.29 P1007.63 RH0.2 KH0.2 VZ+0.00 GA0.99 ST:0 MOD:E GPS:0,0 C:0
T342657 AX+0.014 AY+0.151 AZ+0.968 GX+2.87 GY-1.61 GZ-3.36 P1007.71 RH-0.6 KH-0.6 VZ+0.00 GA0.98 ST:0 MOD:E GPS:0,0 C:0
T343157 AX+0.010 AY+0.159 AZ+0.967 GX+2.80 GY-1.68 GZ-3.29 P1007.65 RH-0.1 KH-0.1 VZ+0.00 GA0.98 ST:0 MOD:E GPS:0,0 C:0
T343657 AX+0.011 AY+0.155 AZ+0.970 GX+2.87 GY-1.61 GZ-3.43 P1007.65 RH-0.0 KH-0.0 VZ+0.00 GA0.98 ST:0 MOD:E GPS:0,0 C:0
T344157 AX+0.016 AY+0.159 AZ+0.960 GX+2.80 GY-1.61 GZ-3.36 P1007.65 RH-0.0 KH-0.0 VZ+0.00 GA0.97 ST:0 MOD:E GPS:0,0 C:0
T344657 AX+0.009 AY+0.158 AZ+0.966 GX+2.87 GY-1.61 GZ-3.36 P1007.64 RH0.0 KH0.0 VZ+0.00 GA0.98 ST:0 MOD:E GPS:0,0 C:0
T345157 AX+0.003 AY+0.161 AZ+0.958 GX+2.87 GY-1.68 GZ-3.36 P1007.63 RH0.1 KH0.1 VZ+0.00 GA0.97 ST:0 MOD:E GPS:0,0 C:0
T345657 AX+0.008 AY+0.150 AZ+0.974 GX+2.80 GY-1.54 GZ-3.36 P1007.63 RH0.1 KH0.1 VZ+0.00 GA0.99 ST:0 MOD:E GPS:0,0 C:0
T346157 AX+0.012 AY+0.168 AZ+1.005 GX+2.94 GY-1.61 GZ-3.36 P1007.64 RH0.0 KH0.0 VZ+0.00 GA1.02 ST:0 MOD:E GPS:0,0 C:0
T346657 AX+0.008 AY+0.152 AZ+0.963 GX+2.80 GY-1.61 GZ-3.22 P1007.65 RH-0.0 KH-0.0 VZ+0.00 GA0.98 ST:0 MOD:E GPS:0,0 C:0
T347157 AX+0.012 AY+0.155 AZ+0.974 GX+2.73 GY-1.68 GZ-3.36 P1007.63 RH0.1 KH0.1 VZ+0.00 GA0.99 ST:0 MOD:E GPS:0,0 C:0
T347657 AX+0.016 AY+0.150 AZ+0.965 GX+2.80 GY-1.75 GZ-3.36 P1007.64 RH0.1 KH0.1 VZ+0.00 GA0.98 ST:0 MOD:E GPS:0,0 C:0
T348157 AX+0.015 AY+0.155 AZ+0.960 GX+2.66 GY-1.61 GZ-3.36 P1007.62 RH0.2 KH0.2 VZ+0.00 GA0.97 ST:0 MOD:E GPS:0,0 C:0
T348657 AX+0.007 AY+0.157 AZ+0.974 GX+2.80 GY-1.68 GZ-3.36 P1007.63 RH0.2 KH0.2 VZ+0.00 GA0.99 ST:0 MOD:E GPS:0,0 C:0
T349157 AX+0.004 AY+0.143 AZ+0.969 GX+2.80 GY-1.61 GZ-3.36 P1007.63 RH0.1 KH0.1 VZ+0.00 GA0.98 ST:0 MOD:E GPS:0,0 C:0
T349657 AX+0.007 AY+0.159 AZ+0.967 GX+2.87 GY-1.68 GZ-3.29 P1007.61 RH0.3 KH0.3 VZ+0.00 GA0.98 ST:0 MOD:E GPS:0,0 C:0
T350157 AX+0.007 AY+0.151 AZ+0.959 GX+2.80 GY-1.61 GZ-3.36 P1007.65 RH-0.1 KH-0.1 VZ+0.00 GA0.97 ST:0 MOD:E GPS:0,0 C:0
T350657 AX+0.005 AY+0.158 AZ+0.960 GX+2.80 GY-1.61 GZ-3.36 P1007.58 RH0.6 KH0.6 VZ+0.00 GA0.97 ST:0 MOD:E GPS:0,0 C:0
T351157 AX+0.009 AY+0.150 AZ+0.969 GX+2.80 GY-1.54 GZ-3.36 P1007.64 RH0.0 KH0.0 VZ+0.00 GA0.98 ST:0 MOD:E GPS:0,0 C:0
T351657 AX+0.011 AY+0.152 AZ+0.981 GX+2.87 GY-1.68 GZ-3.29 P1007.63 RH0.1 KH0.1 VZ+0.00 GA0.99 ST:0 MOD:E GPS:0,0 C:0
T352157 AX+0.015 AY+0.154 AZ+0.966 GX+2.87 GY-1.54 GZ-3.36 P1007.63 RH0.1 KH0.1 VZ+0.00 GA0.98 ST:0 MOD:E GPS:0,0 C:0
T352657 AX+0.014 AY+0.153 AZ+0.963 GX+2.80 GY-1.68 GZ-3.36 P1007.64 RH0.1 KH0.1 VZ+0.00 GA0.98 ST:0 MOD:E GPS:0,0 C:0
T353157 AX+0.011 AY+0.152 AZ+0.972 GX+2.80 GY-1.61 GZ-3.43 P1007.64 RH0.0 KH0.0 VZ+0.00 GA0.98 ST:0 MOD:E GPS:0,0 C:0
T353657 AX-0.005 AY+0.154 AZ+0.956 GX+2.80 GY-1.82 GZ-3.36 P1007.62 RH0.2 KH0.2 VZ+0.00 GA0.97 ST:0 MOD:E GPS:0,0 C:0
T354157 AX-0.002 AY+0.156 AZ+0.980 GX+2.80 GY-1.61 GZ-3.36 P1007.63 RH0.1 KH0.1 VZ+0.00 GA0.99 ST:0 MOD:E GPS:0,0 C:0
T354657 AX+0.007 AY+0.149 AZ+0.969 GX+2.80 GY-1.68 GZ-3.29 P1007.63 RH0.1 KH0.1 VZ+0.00 GA0.98 ST:0 MOD:E GPS:0,0 C:0
T355157 AX-0.001 AY+0.151 AZ+0.969 GX+2.80 GY-1.61 GZ-3.29 P1007.64 RH0.1 KH0.1 VZ+0.00 GA0.98 ST:0 MOD:E GPS:0,0 C:0
T355657 AX+0.012 AY+0.154 AZ+0.964 GX+2.80 GY-1.61 GZ-3.29 P1007.63 RH0.1 KH0.1 VZ+0.00 GA0.98 ST:0 MOD:E GPS:0,0 C:0
T356157 AX+0.010 AY+0.150 AZ+0.967 GX+2.87 GY-1.61 GZ-3.36 P1007.63 RH0.1 KH0.1 VZ+0.00 GA0.98 ST:0 MOD:E GPS:0,0 C:0
T356657 AX+0.009 AY+0.156 AZ+0.970 GX+2.80 GY-1.68 GZ-3.43 P1007.64 RH0.1 KH0.1 VZ+0.00 GA0.98 ST:0 MOD:E GPS:0,0 C:0
T357157 AX+0.019 AY+0.156 AZ+0.986 GX+2.80 GY-1.54 GZ-3.22 P1007.63 RH0.1 KH0.1 VZ+0.00 GA1.00 ST:0 MOD:E GPS:0,0 C:0
T357657 AX+0.010 AY+0.157 AZ+0.971 GX+2.80 GY-1.68 GZ-3.36 P1007.64 RH0.1 KH0.1 VZ+0.00 GA0.98 ST:0 MOD:E GPS:0,0 C:0
T358157 AX+0.010 AY+0.160 AZ+0.973 GX+2.80 GY-1.61 GZ-3.29 P1007.63 RH0.1 KH0.1 VZ+0.00 GA0.99 ST:0 MOD:E GPS:0,0 C:0
T358657 AX+0.012 AY+0.153 AZ+0.963 GX+2.80 GY-1.68 GZ-3.29 P1007.63 RH0.1 KH0.1 VZ+0.00 GA0.98 ST:0 MOD:E GPS:0,0 C:0
T359157 AX+0.012 AY+0.152 AZ+0.970 GX+2.87 GY-1.61 GZ-3.36 P1007.64 RH0.0 KH0.0 VZ+0.00 GA0.98 ST:0 MOD:E GPS:0,0 C:0
T359657 AX+0.008 AY+0.147 AZ+0.956 GX+2.80 GY-1.68 GZ-3.29 P1007.64 RH0.0 KH0.0 VZ+0.00 GA0.97 ST:0 MOD:E GPS:0,0 C:0
T360157 AX+0.017 AY+0.150 AZ+0.965 GX+2.80 GY-1.61 GZ-3.36 P1007.62 RH0.2 KH0.2 VZ+0.00 GA0.98 ST:0 MOD:E GPS:0,0 C:0
T360657 AX+0.006 AY+0.150 AZ+0.968 GX+2.80 GY-1.68 GZ-3.43 P1007.62 RH0.2 KH0.2 VZ+0.00 GA0.98 ST:0 MOD:E GPS:0,0 C:0
T361157 AX-0.019 AY+0.179 AZ+0.935 GX+2.73 GY-1.82 GZ-3.22 P1007.64 RH0.1 KH0.1 VZ+0.00 GA0.95 ST:0 MOD:E GPS:0,0 C:0
T361657 AX+0.017 AY+0.199 AZ+0.960 GX+2.80 GY-1.68 GZ-3.22 P1007.64 RH0.1 KH0.1 VZ+0.00 GA0.98 ST:0 MOD:E GPS:0,0 C:0
T362157 AX+0.011 AY+0.153 AZ+0.977 GX+2.73 GY-1.68 GZ-3.29 P1007.62 RH0.2 KH0.2 VZ+0.00 GA0.99 ST:0 MOD:E GPS:0,0 C:0
T362657 AX+0.033 AY+0.138 AZ+0.983 GX-2.31 GY-5.11 GZ+2.73 P1007.62 RH0.2 KH0.2 VZ+0.00 GA0.99 ST:0 MOD:E GPS:0,0 C:0
T363157 AX+0.032 AY+0.128 AZ+0.971 GX+2.80 GY-1.68 GZ-3.36 P1007.63 RH0.1 KH0.1 VZ+0.00 GA0.98 ST:0 MOD:E GPS:0,0 C:0
T363657 AX+0.030 AY+0.126 AZ+0.971 GX+2.73 GY-1.68 GZ-3.50 P1007.64 RH0.0 KH0.0 VZ+0.00 GA0.98 ST:0 MOD:E GPS:0,0 C:0
T364157 AX+0.024 AY+0.127 AZ+0.970 GX+2.80 GY-1.61 GZ-3.50 P1007.64 RH0.0 KH0.0 VZ+0.00 GA0.98 ST:0 MOD:E GPS:0,0 C:0
T364657 AX+0.033 AY+0.126 AZ+0.969 GX+2.87 GY-1.68 GZ-3.43 P1007.63 RH0.1 KH0.1 VZ+0.00 GA0.98 ST:0 MOD:E GPS:0,0 C:0
T365157 AX+0.025 AY+0.125 AZ+0.971 GX+2.87 GY-1.68 GZ-3.43 P1007.64 RH0.1 KH0.1 VZ+0.00 GA0.98 ST:0 MOD:E GPS:0,0 C:0
T365657 AX+0.028 AY+0.137 AZ+0.965 GX+2.80 GY-1.54 GZ-3.50 P1007.63 RH0.1 KH0.1 VZ+0.00 GA0.98 ST:0 MOD:E GPS:0,0 C:0
T366157 AX+0.030 AY+0.131 AZ+0.971 GX+2.87 GY-1.54 GZ-3.43 P1007.64 RH0.0 KH0.0 VZ+0.00 GA0.98 ST:0 MOD:E GPS:0,0 C:0
T366657 AX+0.020 AY+0.125 AZ+0.965 GX+2.73 GY-1.96 GZ-3.43 P1007.64 RH0.0 KH0.0 VZ+0.00 GA0.97 ST:0 MOD:E GPS:0,0 C:0
T367157 AX+0.027 AY+0.129 AZ+0.976 GX+2.80 GY-1.68 GZ-3.36 P1007.63 RH0.1 KH0.1 VZ+0.00 GA0.98 ST:0 MOD:E GPS:0,0 C:0
T367657 AX+0.020 AY+0.104 AZ+0.955 GX+3.36 GY-1.54 GZ-3.50 P1007.65 RH-0.0 KH-0.0 VZ+0.00 GA0.96 ST:0 MOD:E GPS:0,0 C:0
T368157 AX+0.041 AY+0.118 AZ+0.965 GX+2.94 GY-1.54 GZ-3.57 P1007.63 RH0.1 KH0.1 VZ+0.00 GA0.97 ST:0 MOD:E GPS:0,0 C:0
T368657 AX+0.037 AY+0.114 AZ+0.974 GX+2.87 GY-1.61 GZ-3.50 P1007.64 RH0.1 KH0.1 VZ+0.00 GA0.98 ST:0 MOD:E GPS:0,0 C:0
T369157 AX+0.038 AY+0.121 AZ+0.979 GX+2.87 GY-1.47 GZ-3.64 P1007.64 RH0.1 KH0.1 VZ+0.00 GA0.99 ST:0 MOD:E GPS:0,0 C:0
T369657 AX+0.041 AY+0.125 AZ+0.975 GX+2.80 GY-1.61 GZ-3.64 P1007.63 RH0.1 KH0.1 VZ+0.00 GA0.98 ST:0 MOD:E GPS:0,0 C:0
T370157 AX+0.037 AY+0.116 AZ+0.978 GX+2.80 GY-1.47 GZ-3.57 P1007.65 RH-0.1 KH-0.1 VZ+0.00 GA0.99 ST:0 MOD:E GPS:0,0 C:0
T370657 AX+0.040 AY+0.124 AZ+0.970 GX+2.80 GY-1.47 GZ-3.57 P1007.64 RH0.0 KH0.0 VZ+0.00 GA0.98 ST:0 MOD:E GPS:0,0 C:0
T371157 AX+0.039 AY+0.122 AZ+0.975 GX+2.87 GY-1.75 GZ-3.64 P1007.65 RH-0.0 KH-0.0 VZ+0.00 GA0.98 ST:0 MOD:E GPS:0,0 C:0
T371657 AX+0.042 AY+0.122 AZ+0.976 GX+2.87 GY-1.54 GZ-3.64 P1007.64 RH0.0 KH0.0 VZ+0.00 GA0.98 ST:0 MOD:E GPS:0,0 C:0
T372157 AX+0.042 AY+0.116 AZ+0.965 GX+3.08 GY-1.68 GZ-3.57 P1007.65 RH-0.0 KH-0.0 VZ+0.00 GA0.97 ST:0 MOD:E GPS:0,0 C:0
T372657 AX+0.039 AY+0.119 AZ+0.968 GX+2.52 GY-1.68 GZ-3.71 P1007.65 RH-0.0 KH-0.0 VZ+0.00 GA0.98 ST:0 MOD:E GPS:0,0 C:0
T373157 AX+0.039 AY+0.126 AZ+0.971 GX+3.22 GY-1.40 GZ-3.64 P1007.65 RH-0.0 KH-0.0 VZ+0.00 GA0.98 ST:0 MOD:E GPS:0,0 C:0
T373657 AX+0.038 AY+0.123 AZ+0.970 GX+2.73 GY-1.61 GZ-3.57 P1007.63 RH0.1 KH0.1 VZ+0.00 GA0.98 ST:0 MOD:E GPS:0,0 C:0
T374157 AX+0.044 AY+0.126 AZ+0.980 GX+3.08 GY-1.47 GZ-3.57 P1007.64 RH0.0 KH0.0 VZ+0.00 GA0.99 ST:0 MOD:E GPS:0,0 C:0
T374657 AX+0.039 AY+0.116 AZ+0.972 GX+2.80 GY-1.68 GZ-3.57 P1007.65 RH-0.1 KH-0.1 VZ+0.00 GA0.98 ST:0 MOD:E GPS:0,0 C:0
T375157 AX+0.041 AY+0.119 AZ+0.977 GX+2.73 GY-1.61 GZ-3.50 P1007.65 RH-0.1 KH-0.1 VZ+0.00 GA0.99 ST:0 MOD:E GPS:0,0 C:0
T375657 AX+0.038 AY+0.121 AZ+0.972 GX+2.80 GY-1.75 GZ-3.64 P1007.65 RH-0.0 KH-0.0 VZ+0.00 GA0.98 ST:0 MOD:E GPS:0,0 C:0
T376157 AX+0.041 AY+0.118 AZ+0.978 GX+2.87 GY-1.68 GZ-3.50 P1007.66 RH-0.1 KH-0.1 VZ+0.00 GA0.99 ST:0 MOD:E GPS:0,0 C:0
T376657 AX+0.042 AY+0.123 AZ+0.969 GX+2.80 GY-1.61 GZ-3.57 P1007.64 RH0.0 KH0.0 VZ+0.00 GA0.98 ST:0 MOD:E GPS:0,0 C:0
T377157 AX+0.042 AY+0.120 AZ+0.969 GX+2.80 GY-1.68 GZ-3.64 P1007.64 RH0.0 KH0.0 VZ+0.00 GA0.98 ST:0 MOD:E GPS:0,0 C:0
T377657 AX+0.039 AY+0.122 AZ+0.976 GX+2.87 GY-1.61 GZ-3.57 P1007.65 RH-0.0 KH-0.0 VZ+0.00 GA0.98 ST:0 MOD:E GPS:0,0 C:0
T378157 AX+0.035 AY+0.119 AZ+0.963 GX+3.01 GY-1.75 GZ-3.57 P1007.63 RH0.1 KH0.1 VZ+0.00 GA0.97 ST:0 MOD:E GPS:0,0 C:0
T378657 AX+0.041 AY+0.120 AZ+0.977 GX+2.87 GY-1.61 GZ-3.64 P1007.65 RH-0.0 KH-0.0 VZ+0.00 GA0.98 ST:0 MOD:E GPS:0,0 C:0
T379157 AX+0.040 AY+0.125 AZ+0.965 GX+2.80 GY-1.61 GZ-3.57 P1007.64 RH0.0 KH0.0 VZ+0.00 GA0.97 ST:0 MOD:E GPS:0,0 C:0
T379657 AX+0.035 AY+0.120 AZ+0.971 GX+2.80 GY-1.61 GZ-3.50 P1007.66 RH-0.1 KH-0.1 VZ+0.00 GA0.98 ST:0 MOD:E GPS:0,0 C:0
T380157 AX+0.039 AY+0.120 AZ+0.958 GX+2.66 GY-1.82 GZ-3.50 P1007.64 RH0.0 KH0.0 VZ+0.00 GA0.97 ST:0 MOD:E GPS:0,0 C:0
T380657 AX+0.037 AY+0.119 AZ+0.968 GX+2.94 GY-1.68 GZ-3.57 P1007.65 RH-0.0 KH-0.0 VZ+0.00 GA0.98 ST:0 MOD:E GPS:0,0 C:0
T381157 AX+0.030 AY+0.116 AZ+0.974 GX+2.73 GY-1.68 GZ-3.57 P1007.65 RH0.0 KH0.0 VZ+0.00 GA0.98 ST:0 MOD:E GPS:0,0 C:0
T381657 AX+0.037 AY+0.116 AZ+0.971 GX+2.52 GY-1.68 GZ-3.57 P1007.65 RH-0.0 KH-0.0 VZ+0.00 GA0.98 ST:0 MOD:E GPS:0,0 C:0
T382157 AX+0.037 AY+0.121 AZ+0.969 GX+2.80 GY-1.54 GZ-3.57 P1007.64 RH0.0 KH0.0 VZ+0.00 GA0.98 ST:0 MOD:E GPS:0,0 C:0
T382657 AX+0.041 AY+0.121 AZ+0.970 GX+2.80 GY-1.47 GZ-3.57 P1007.62 RH0.2 KH0.2 VZ+0.00 GA0.98 ST:0 MOD:E GPS:0,0 C:0
T383157 AX+0.039 AY+0.116 AZ+0.966 GX+2.87 GY-1.61 GZ-3.57 P1007.63 RH0.1 KH0.1 VZ+0.00 GA0.97 ST:0 MOD:E GPS:0,0 C:0
T383657 AX+0.040 AY+0.119 AZ+0.979 GX+2.80 GY-1.68 GZ-3.64 P1007.65 RH-0.0 KH-0.0 VZ+0.00 GA0.99 ST:0 MOD:E GPS:0,0 C:0
T384157 AX+0.047 AY+0.112 AZ+0.963 GX+2.80 GY-1.54 GZ-3.64 P1007.64 RH0.0 KH0.0 VZ+0.00 GA0.97 ST:0 MOD:E GPS:0,0 C:0
T384657 AX+0.041 AY+0.121 AZ+0.972 GX+3.22 GY-1.12 GZ-3.64 P1007.64 RH0.1 KH0.1 VZ+0.00 GA0.98 ST:0 MOD:E GPS:0,0 C:0
T385157 AX+0.038 AY+0.115 AZ+0.975 GX+2.80 GY-1.54 GZ-3.57 P1007.65 RH-0.0 KH-0.0 VZ+0.00 GA0.98 ST:0 MOD:E GPS:0,0 C:0
T385657 AX+0.040 AY+0.113 AZ+0.973 GX+2.80 GY-1.54 GZ-3.57 P1007.65 RH0.0 KH0.0 VZ+0.00 GA0.98 ST:0 MOD:E GPS:0,0 C:0
T386157 AX+0.037 AY+0.119 AZ+0.975 GX+2.73 GY-1.61 GZ-3.57 P1007.63 RH0.2 KH0.2 VZ+0.00 GA0.98 ST:0 MOD:E GPS:0,0 C:0
T386657 AX+0.042 AY+0.119 AZ+0.964 GX+2.73 GY-1.61 GZ-3.57 P1007.64 RH0.1 KH0.1 VZ+0.00 GA0.97 ST:0 MOD:E GPS:0,0 C:0
T387157 AX+0.043 AY+0.123 AZ+0.970 GX+2.80 GY-1.68 GZ-3.64 P1007.63 RH0.1 KH0.1 VZ+0.00 GA0.98 ST:0 MOD:E GPS:0,0 C:0
T387657 AX+0.042 AY+0.118 AZ+0.970 GX+2.80 GY-1.75 GZ-3.57 P1007.63 RH0.1 KH0.1 VZ+0.00 GA0.98 ST:0 MOD:E GPS:0,0 C:0
T388157 AX+0.038 AY+0.118 AZ+0.975 GX+2.80 GY-1.61 GZ-3.50 P1007.63 RH0.2 KH0.2 VZ+0.00 GA0.98 ST:0 MOD:E GPS:0,0 C:0
T388657 AX+0.040 AY+0.112 AZ+0.975 GX+2.80 GY-1.68 GZ-3.57 P1007.65 RH-0.1 KH-0.1 VZ+0.00 GA0.98 ST:0 MOD:E GPS:0,0 C:0
T389157 AX+0.037 AY+0.116 AZ+0.967 GX+2.66 GY-1.75 GZ-3.57 P1007.64 RH0.0 KH0.0 VZ+0.00 GA0.97 ST:0 MOD:E GPS:0,0 C:0
